PayOffFunction,Radius,Noise,IKINumber,MaxDeviation,MaxNrDigits,TrackingWindowVisitCounter,MeanTimeTypingWindow
Speed,80,3,0.308553684210526,76.66,6,3,2.07905
Speed,80,3,0.308553684210526,44.27,9,2,2.11116666666667
Speed,80,3,0.308553684210526,69.16,8,2,2.06063333333333
Speed,80,3,0.308553684210526,71.33,11,1,3.28685
Speed,80,3,0.308553684210526,37.37,7,3,2.154425
Speed,80,3,0.308553684210526,66.45,9,3,1.9347
Speed,80,3,0.308553684210526,69.58,10,3,1.928625
Speed,80,3,0.308553684210526,45.58,7,3,1.62835
Speed,80,3,0.308553684210526,70.15,11,1,2.93675
Speed,80,3,0.308553684210526,63.01,9,2,2.1936
Speed,80,3,0.308553684210526,42.05,7,2,2.02823333333333
Speed,80,3,0.308553684210526,76.32,11,1,2.86325
Speed,80,3,0.308553684210526,73.51,12,1,2.76335
Speed,80,3,0.308553684210526,53.54,12,1,3.26135
Speed,80,3,0.308553684210526,51.72,7,2,1.98583333333333
Speed,80,3,0.308553684210526,78.24,8,2,1.86993333333333
Speed,80,3,0.308553684210526,40.7,8,2,2.0366
Speed,80,3,0.308553684210526,53.51,12,1,3.05195
Speed,80,3,0.308553684210526,62.78,9,2,2.52116666666667
Speed,80,3,0.308553684210526,66.79,12,1,3.589
Speed,120,5,0.308553684210526,82.4,7,4,1.75954
Speed,120,5,0.308553684210526,123.94,7,3,2.09435
Speed,120,5,0.308553684210526,141.65,6,4,1.66474
Speed,120,5,0.308553684210526,68.2,4,5,1.31695
Speed,120,5,0.308553684210526,93.18,9,3,1.63495
Speed,120,5,0.308553684210526,133.84,11,2,2.16426666666667
Speed,120,5,0.308553684210526,125.14,9,3,1.704325
Speed,120,5,0.308553684210526,96.01,6,4,1.46382
Speed,120,5,0.308553684210526,129.99,7,3,1.641225
Speed,120,5,0.308553684210526,63.38,11,3,1.648025
Speed,120,5,0.308553684210526,89.87,11,2,2.50163333333333
Speed,120,5,0.308553684210526,101.61,8,3,1.9674
Speed,120,5,0.308553684210526,141.79,9,3,1.741075
Speed,120,5,0.308553684210526,97.01,6,4,1.31946
Speed,120,5,0.308553684210526,52.7,13,2,2.16316666666667
Speed,120,5,0.308553684210526,128.56,13,2,2.07956666666667
Speed,120,5,0.308553684210526,150.85,7,2,2.2616
Speed,120,5,0.308553684210526,82.21,12,2,2.1028
Speed,120,5,0.308553684210526,89.23,9,2,3.10693333333333
Speed,120,5,0.308553684210526,92.13,12,2,2.603
Speed,80,5,0.308553684210526,119,9,3,1.655075
Speed,80,5,0.308553684210526,118.35,5,5,1.16696666666667
Speed,80,5,0.308553684210526,91.42,7,5,1.10921666666667
Speed,80,5,0.308553684210526,59.16,6,4,1.38398
Speed,80,5,0.308553684210526,108.21,6,4,1.7708
Speed,80,5,0.308553684210526,96.93,6,6,1.13277142857143
Speed,80,5,0.308553684210526,99.16,4,5,1.2542
Speed,80,5,0.308553684210526,70.6,6,4,1.30414
Speed,80,5,0.308553684210526,77.93,5,5,1.2339
Speed,80,5,0.308553684210526,89.73,5,6,1.13641428571429
Speed,80,5,0.308553684210526,93.29,5,5,1
Speed,80,5,0.308553684210526,82.46,6,4,1.2454
Speed,80,5,0.308553684210526,95.96,6,5,1.15091666666667
Speed,80,5,0.308553684210526,106.39,6,6,0.958357142857143
Speed,80,5,0.308553684210526,89.19,5,5,1.17635
Speed,80,5,0.308553684210526,80.88,5,6,1.1044
Speed,80,5,0.308553684210526,101.03,5,7,1.09925
Speed,80,5,0.308553684210526,101.5,3,7,1.0898625
Speed,80,5,0.308553684210526,89.5,6,5,1.28375
Speed,80,5,0.308553684210526,100.02,4,6,1.18034285714286
Speed,120,3,0.308553684210526,95.38,11,1,3.1282
Speed,120,3,0.308553684210526,58.27,10,1,3.0778
Speed,120,3,0.308553684210526,43.4,12,1,3.02645
Speed,120,3,0.308553684210526,92.59,12,1,3.0129
Speed,120,3,0.308553684210526,42.28,11,1,3.72825
Speed,120,3,0.308553684210526,52.57,13,1,4.2538
Speed,120,3,0.308553684210526,121.64,11,1,3.33965
Speed,120,3,0.308553684210526,81.64,11,1,3.4185
Speed,120,3,0.308553684210526,45.94,11,1,3.716
Speed,120,3,0.308553684210526,44.96,7,2,2.26256666666667
Speed,120,3,0.308553684210526,52.04,11,1,2.827
Speed,120,3,0.308553684210526,60.76,11,1,3.4641
Speed,120,3,0.308553684210526,66.87,11,1,3.0267
Speed,120,3,0.308553684210526,54.16,13,1,3.26425
Speed,120,3,0.308553684210526,54.36,12,2,2.39523333333333
Speed,120,3,0.308553684210526,66.73,12,1,3.1507
Speed,120,3,0.308553684210526,74.34,11,1,3.39335
Speed,120,3,0.308553684210526,71.78,12,1,3.5507
Speed,120,3,0.308553684210526,73.73,11,1,3.1129
Speed,120,3,0.308553684210526,61.42,11,1,3.1125
Speed,80,5,0.197858157894737,117.32,9,2,1.8768
Speed,80,5,0.197858157894737,72.3,12,2,2.0892
Speed,80,5,0.197858157894737,84.65,11,3,1.409775
Speed,80,5,0.197858157894737,97.12,11,4,1.1311
Speed,80,5,0.197858157894737,114.09,13,2,1.59256666666667
Speed,80,5,0.197858157894737,71.24,9,3,1.486125
Speed,80,5,0.197858157894737,49.11,9,2,2.00383333333333
Speed,80,5,0.197858157894737,68.36,8,2,1.71196666666667
Speed,80,5,0.197858157894737,104.24,6,3,1.59155
Speed,80,5,0.197858157894737,69.2,6,3,1.549825
Speed,80,5,0.197858157894737,55.97,9,4,1.13236
Speed,80,5,0.197858157894737,93.51,9,2,1.82956666666667
Speed,80,5,0.197858157894737,109.97,8,2,1.80803333333333
Speed,80,5,0.197858157894737,94.83,9,2,2.08283333333333
Speed,80,5,0.197858157894737,124.97,9,2,1.76946666666667
Speed,80,5,0.197858157894737,90.06,12,1,2.6507
Speed,80,5,0.197858157894737,100.06,7,3,1.59865
Speed,80,5,0.197858157894737,140.87,10,2,1.8033
Speed,80,5,0.197858157894737,102.62,10,1,2.40065
Speed,80,5,0.197858157894737,63.39,13,2,1.8194
Speed,120,3,0.197858157894737,54.63,11,1,2.4284
Speed,120,3,0.197858157894737,95.24,11,3,1.62395
Speed,120,3,0.197858157894737,44.46,10,2,1.8638
Speed,120,3,0.197858157894737,43.78,11,2,1.59376666666667
Speed,120,3,0.197858157894737,77.74,12,3,1.74355
Speed,120,3,0.197858157894737,61.7,20,1,2.50535
Speed,120,3,0.197858157894737,43.78,20,1,2.51415
Speed,120,3,0.197858157894737,75.77,20,1,2.5884
Speed,120,3,0.197858157894737,101.75,20,1,3.3916
Speed,120,3,0.197858157894737,57.61,20,1,2.3002
Speed,120,3,0.197858157894737,54.51,20,1,2.979
Speed,120,3,0.197858157894737,76.09,20,1,2.6031
Speed,120,3,0.197858157894737,73.06,20,1,2.6028
Speed,120,3,0.197858157894737,49.16,16,3,1.40415
Speed,120,3,0.197858157894737,63.67,20,1,2.7862
Speed,120,3,0.197858157894737,64.29,20,1,3.16465
Speed,120,3,0.197858157894737,60.99,18,3,1.3409
Speed,120,3,0.197858157894737,63.89,20,1,2.72875
Speed,120,3,0.197858157894737,85.96,20,2,1.85233333333333
Speed,120,3,0.197858157894737,66.98,20,1,2.76305
Speed,80,3,0.197858157894737,33.73,20,0,4.573
Speed,80,3,0.197858157894737,53.16,20,0,4.47
Speed,80,3,0.197858157894737,102.61,20,0,6.1079
Speed,80,3,0.197858157894737,70.11,20,4,1.3843
Speed,80,3,0.197858157894737,100.3,20,1,2.70115
Speed,80,3,0.197858157894737,71.26,20,0,4.9955
Speed,80,3,0.197858157894737,76.4,20,0,5.8219
Speed,80,3,0.197858157894737,66.75,20,0,4.6201
Speed,80,3,0.197858157894737,67.98,20,0,4.7749
Speed,80,3,0.197858157894737,126.39,20,0,5.0981
Speed,80,3,0.197858157894737,51.2,20,1,2.6255
Speed,80,3,0.197858157894737,48.25,20,1,3.2951
Speed,80,3,0.197858157894737,65.66,20,0,5.6729
Speed,80,3,0.197858157894737,65.87,20,0,4.1955
Speed,80,3,0.197858157894737,71.99,20,0,4.7227
Speed,80,3,0.197858157894737,63.19,20,0,4.9685
Speed,80,3,0.197858157894737,72.24,20,0,4.8254
Speed,80,3,0.197858157894737,71.56,20,0,4.9451
Speed,80,3,0.197858157894737,83.96,20,0,5.2028
Speed,80,3,0.197858157894737,57.77,20,0,4.9461
Speed,120,5,0.197858157894737,173.67,19,2,2.1666
Speed,120,5,0.197858157894737,134.16,20,1,2.5016
Speed,120,5,0.197858157894737,167.95,20,2,1.5708
Speed,120,5,0.197858157894737,85.07,20,1,2.9146
Speed,120,5,0.197858157894737,85.72,20,1,2.43485
Speed,120,5,0.197858157894737,139.88,20,1,3.0664
Speed,120,5,0.197858157894737,118.11,20,1,2.4386
Speed,120,5,0.197858157894737,181.75,20,1,2.5159
Speed,120,5,0.197858157894737,96.17,20,0,4.9439
Speed,120,5,0.197858157894737,106.22,20,1,2.3381
Speed,120,5,0.197858157894737,176.73,20,1,3.01405
Speed,120,5,0.197858157894737,177.66,13,3,1.71705
Speed,120,5,0.197858157894737,99.11,20,1,2.51665
Speed,120,5,0.197858157894737,112.31,20,2,1.82786666666667
Speed,120,5,0.197858157894737,78.05,19,2,1.7557
Speed,120,5,0.197858157894737,116.46,20,1,2.50745
Speed,120,5,0.197858157894737,199.97,20,1,3.3159
Speed,120,5,0.197858157894737,124.06,20,1,2.38815
Speed,120,5,0.197858157894737,61.8,20,1,2.2396
Speed,120,5,0.197858157894737,113.51,20,1,2.51715
Speed,120,5,0.393889210526316,100.95,6,4,1.75958
Speed,120,5,0.393889210526316,143.92,8,3,2.022675
Speed,120,5,0.393889210526316,121.01,7,4,2.00126
Speed,120,5,0.393889210526316,96.34,6,4,1.79714
Speed,120,5,0.393889210526316,127.45,11,2,2.99536666666667
Speed,120,5,0.393889210526316,138.7,13,2,3.06086666666667
Speed,120,5,0.393889210526316,161.07,9,3,2.3099
Speed,120,5,0.393889210526316,133.47,6,4,1.78562
Speed,120,5,0.393889210526316,117.89,7,4,1.75546
Speed,120,5,0.393889210526316,93.33,8,3,2.335575
Speed,120,5,0.393889210526316,90.36,8,3,2.435375
Speed,120,5,0.393889210526316,136.16,9,3,2.792175
Speed,120,5,0.393889210526316,126.37,7,5,1.69685
Speed,120,5,0.393889210526316,106.19,6,4,1.9441
Speed,120,5,0.393889210526316,110.47,8,3,2.418275
Speed,120,5,0.393889210526316,149.24,6,5,1.81718333333333
Speed,120,5,0.393889210526316,149.25,6,4,1.95486
Speed,120,5,0.393889210526316,79.82,9,3,2.3352
Speed,120,5,0.393889210526316,110.31,7,5,1.78385
Speed,120,5,0.393889210526316,102.58,4,7,1.1613125
Speed,80,3,0.393889210526316,76.65,8,2,3.68286666666667
Speed,80,3,0.393889210526316,105.57,8,5,2.13333333333333
Speed,80,3,0.393889210526316,70.8,12,2,2.97693333333333
Speed,80,3,0.393889210526316,54.53,11,2,3.33336666666667
Speed,80,3,0.393889210526316,64.1,13,3,2.284675
Speed,80,3,0.393889210526316,68.89,7,3,2.7716
Speed,80,3,0.393889210526316,63.08,12,3,2.3967
Speed,80,3,0.393889210526316,93.38,20,1,4.17515
Speed,80,3,0.393889210526316,103.61,11,2,3.70256666666667
Speed,80,3,0.393889210526316,82.4,9,3,2.509275
Speed,80,3,0.393889210526316,131.28,18,1,4.1386
Speed,80,3,0.393889210526316,74.08,8,4,2.22946
Speed,80,3,0.393889210526316,101.87,12,3,2.691575
Speed,80,3,0.393889210526316,103.46,8,3,2.616325
Speed,80,3,0.393889210526316,74.54,8,3,2.540425
Speed,80,3,0.393889210526316,92.86,7,4,1.74934
Speed,80,3,0.393889210526316,70.73,6,4,2.09328
Speed,80,3,0.393889210526316,54.49,8,3,2.8488
Speed,80,3,0.393889210526316,93.89,6,5,1.84045
Speed,80,3,0.393889210526316,95.66,8,4,1.8121
Speed,120,3,0.393889210526316,70.61,8,3,2.7181
Speed,120,3,0.393889210526316,110.25,9,3,2.322325
Speed,120,3,0.393889210526316,62.88,12,2,2.862
Speed,120,3,0.393889210526316,81.03,10,3,2.397825
Speed,120,3,0.393889210526316,98.3,20,1,4.04035
Speed,120,3,0.393889210526316,99.03,13,2,2.81993333333333
Speed,120,3,0.393889210526316,81.32,15,2,3.06096666666667
Speed,120,3,0.393889210526316,62.67,13,2,3.2204
Speed,120,3,0.393889210526316,54.09,17,1,4.33935
Speed,120,3,0.393889210526316,58.65,14,2,3.03653333333333
Speed,120,3,0.393889210526316,96.54,9,2,2.91166666666667
Speed,120,3,0.393889210526316,72.98,13,2,2.93723333333333
Speed,120,3,0.393889210526316,49.13,13,2,2.9693
Speed,120,3,0.393889210526316,100.18,8,3,2.4787
Speed,120,3,0.393889210526316,104.52,14,2,3.1931
Speed,120,3,0.393889210526316,86.85,12,2,3.344
Speed,120,3,0.393889210526316,84.29,10,3,2.49285
Speed,120,3,0.393889210526316,98.74,12,2,3.09436666666667
Speed,120,3,0.393889210526316,75.21,11,2,3.63703333333333
Speed,120,3,0.393889210526316,87.1,20,1,4.07195
Speed,80,5,0.393889210526316,96.75,7,5,1.56348333333333
Speed,80,5,0.393889210526316,90.46,5,6,1.44225714285714
Speed,80,5,0.393889210526316,115.1,4,9,1.18007
Speed,80,5,0.393889210526316,92.53,6,7,1.10195
Speed,80,5,0.393889210526316,125.03,5,8,1.25884444444444
Speed,80,5,0.393889210526316,107.32,4,8,1.20438888888889
Speed,80,5,0.393889210526316,101.73,5,5,1.65086666666667
Speed,80,5,0.393889210526316,114.45,7,4,1.9
Speed,80,5,0.393889210526316,156.5,6,6,1.63338571428571
Speed,80,5,0.393889210526316,121.87,5,5,1.60873333333333
Speed,80,5,0.393889210526316,94.54,5,6,1.34038571428571
Speed,80,5,0.393889210526316,93.56,4,6,1.32622857142857
Speed,80,5,0.393889210526316,103.15,6,6,1.44115714285714
Speed,80,5,0.393889210526316,84.44,5,6,1.17277142857143
Speed,80,5,0.393889210526316,97.68,5,5,1.43083333333333
Speed,80,5,0.393889210526316,126.09,7,4,1.83046
Speed,80,5,0.393889210526316,111.62,5,6,1.36468571428571
Speed,80,5,0.393889210526316,138.52,5,6,1.5409
Speed,80,5,0.393889210526316,88.51,4,8,1.14691111111111
Speed,80,5,0.393889210526316,151.96,6,6,1.72347142857143
Speed,120,3,0.469810526315789,91.6,20,0,10.7
Speed,120,3,0.469810526315789,104.09,20,0,9.3422
Speed,120,3,0.469810526315789,68.67,20,0,9.6043
Speed,120,3,0.469810526315789,90.24,20,0,8.7477
Speed,120,3,0.469810526315789,85.92,20,0,10.2107
Speed,120,3,0.469810526315789,121.56,20,0,12.9494
Speed,120,3,0.469810526315789,86.6,20,0,9.3679
Speed,120,3,0.469810526315789,54.43,20,0,8.9696
Speed,120,3,0.469810526315789,102.53,20,0,10.7251
Speed,120,3,0.469810526315789,94.79,20,0,10.0396
Speed,120,3,0.469810526315789,58.49,20,0,8.795
Speed,120,3,0.469810526315789,64.69,20,0,9.5501
Speed,120,3,0.469810526315789,87.55,20,0,9.1943
Speed,120,3,0.469810526315789,93.72,20,0,9.871
Speed,120,3,0.469810526315789,124.47,20,0,9.1807
Speed,120,3,0.469810526315789,54.31,20,0,11.2449
Speed,120,3,0.469810526315789,64.43,20,0,9.7448
Speed,120,3,0.469810526315789,99.05,20,0,9.9167
Speed,120,3,0.469810526315789,85.65,20,0,12.7043
Speed,120,3,0.469810526315789,123.13,20,0,11.2124
Speed,80,5,0.469810526315789,119.93,7,4,3.05816
Speed,80,5,0.469810526315789,148.07,5,9,2.03799
Speed,80,5,0.469810526315789,156.67,5,15,1.5624625
Speed,80,5,0.469810526315789,146.18,4,7,2.038825
Speed,80,5,0.469810526315789,222.09,6,10,2.14948181818182
Speed,80,5,0.469810526315789,134.93,4,8,1.9756
Speed,80,5,0.469810526315789,138.19,5,8,1.93938888888889
Speed,80,5,0.469810526315789,154.11,6,8,2.15188888888889
Speed,80,5,0.469810526315789,95.23,3,10,1.83103636363636
Speed,80,5,0.469810526315789,79.34,4,9,2.05058
Speed,80,5,0.469810526315789,106.57,3,8,1.57168888888889
Speed,80,5,0.469810526315789,121.6,4,11,1.64326666666667
Speed,80,5,0.469810526315789,133.66,6,5,2.95865
Speed,80,5,0.469810526315789,146.17,5,10,1.69342727272727
Speed,80,5,0.469810526315789,134.23,4,9,1.64859
Speed,80,5,0.469810526315789,101.62,8,6,2.12991428571429
Speed,80,5,0.469810526315789,170.41,8,8,1.96846666666667
Speed,80,5,0.469810526315789,117.92,5,6,2.01212857142857
Speed,80,5,0.469810526315789,124.42,5,7,1.7813
Speed,80,5,0.469810526315789,110.48,5,7,1.6918125
Speed,120,5,0.469810526315789,118.91,6,5,2.60181666666667
Speed,120,5,0.469810526315789,151.68,6,5,2.25876666666667
Speed,120,5,0.469810526315789,131.8,9,3,2.759925
Speed,120,5,0.469810526315789,110.61,7,4,2.38986
Speed,120,5,0.469810526315789,166.1,6,4,2.52042
Speed,120,5,0.469810526315789,113.02,6,4,2.64512
Speed,120,5,0.469810526315789,114.51,8,5,1.97168333333333
Speed,120,5,0.469810526315789,130.02,9,3,2.7409
Speed,120,5,0.469810526315789,97.75,8,4,3.12158
Speed,120,5,0.469810526315789,93.76,8,3,2.772775
Speed,120,5,0.469810526315789,103.04,6,4,2.66436
Speed,120,5,0.469810526315789,135.12,8,4,2.52594
Speed,120,5,0.469810526315789,120.2,7,3,2.897
Speed,120,5,0.469810526315789,154.66,7,4,2.53998
Speed,120,5,0.469810526315789,101.49,10,3,2.9541
Speed,120,5,0.469810526315789,153.14,11,3,2.643425
Speed,120,5,0.469810526315789,178.47,6,4,2.74136
Speed,120,5,0.469810526315789,190.14,9,3,2.928025
Speed,120,5,0.469810526315789,92.45,5,5,2.64535
Speed,120,5,0.469810526315789,107.06,4,7,1.84845
Speed,80,3,0.469810526315789,83.28,5,6,1.81488571428571
Speed,80,3,0.469810526315789,56.05,6,4,1.90876
Speed,80,3,0.469810526315789,57.11,8,3,3.30405
Speed,80,3,0.469810526315789,62.06,7,4,2.50316
Speed,80,3,0.469810526315789,58.91,7,5,2.05035
Speed,80,3,0.469810526315789,100.43,9,4,2.3195
Speed,80,3,0.469810526315789,91.94,6,4,2.58906
Speed,80,3,0.469810526315789,121.49,6,6,2.5048
Speed,80,3,0.469810526315789,117.71,9,4,2.43862
Speed,80,3,0.469810526315789,96.17,6,4,2.13374
Speed,80,3,0.469810526315789,90.37,8,3,2.854475
Speed,80,3,0.469810526315789,95.93,7,4,2.5387
Speed,80,3,0.469810526315789,74.56,7,4,2.43392
Speed,80,3,0.469810526315789,67.55,8,3,3.211975
Speed,80,3,0.469810526315789,76.75,8,4,2.60862
Speed,80,3,0.469810526315789,76.26,9,3,3.178275
Speed,80,3,0.469810526315789,53.3,9,3,2.4215
Speed,80,3,0.469810526315789,71.33,9,4,2.12868
Speed,80,3,0.469810526315789,59.76,7,3,2.8299
Speed,80,3,0.469810526315789,85.91,6,5,2.19043333333333
Speed,120,3,0.316916315789474,53.15,20,0,6.623
Speed,120,3,0.316916315789474,119.27,20,0,6.8412
Speed,120,3,0.316916315789474,96.1,20,0,8.0772
Speed,120,3,0.316916315789474,92.57,20,0,6.5007
Speed,120,3,0.316916315789474,72.85,20,0,6.6463
Speed,120,3,0.316916315789474,137.06,20,0,7.7976
Speed,120,3,0.316916315789474,60.68,20,0,7.273
Speed,120,3,0.316916315789474,41.34,20,0,7.2348
Speed,120,3,0.316916315789474,64.18,20,0,7.424
Speed,120,3,0.316916315789474,70.26,20,0,6.7998
Speed,120,3,0.316916315789474,124.24,20,0,7.4464
Speed,120,3,0.316916315789474,94.04,20,0,6.2043
Speed,120,3,0.316916315789474,77.33,20,0,7.5784
Speed,120,3,0.316916315789474,59.64,20,0,7.0487
Speed,120,3,0.316916315789474,68.32,20,0,9.687
Speed,120,3,0.316916315789474,121.29,20,0,7.3176
Speed,120,3,0.316916315789474,50,20,0,7.52
Speed,120,3,0.316916315789474,60.55,20,0,7.7672
Speed,120,3,0.316916315789474,70.93,20,0,8.9089
Speed,120,3,0.316916315789474,70.98,20,0,7.8763
Speed,80,5,0.316916315789474,122.54,8,2,2.49426666666667
Speed,80,5,0.316916315789474,105.54,7,4,1.72406
Speed,80,5,0.316916315789474,80.04,10,3,1.8279
Speed,80,5,0.316916315789474,80.33,9,3,2.659325
Speed,80,5,0.316916315789474,139.84,9,4,1.92626
Speed,80,5,0.316916315789474,118.38,6,5,1.49651666666667
Speed,80,5,0.316916315789474,58.63,9,4,1.6642
Speed,80,5,0.316916315789474,88.87,8,6,1.34435714285714
Speed,80,5,0.316916315789474,149.26,7,8,0.985722222222223
Speed,80,5,0.316916315789474,121.09,7,3,1.8294
Speed,80,5,0.316916315789474,78.57,12,4,1.68512
Speed,80,5,0.316916315789474,65.04,7,5,1.26741666666667
Speed,80,5,0.316916315789474,104.59,10,4,1.78972
Speed,80,5,0.316916315789474,146.03,11,2,2.14493333333333
Speed,80,5,0.316916315789474,110.37,10,3,2.01085
Speed,80,5,0.316916315789474,109.83,8,3,2.004775
Speed,80,5,0.316916315789474,118.17,7,4,1.47968
Speed,80,5,0.316916315789474,112.75,6,5,1.45018333333333
Speed,80,5,0.316916315789474,90.02,5,7,1.19565
Speed,80,5,0.316916315789474,63.74,4,7,0.886137499999999
Speed,120,5,0.316916315789474,128.27,8,3,1.867375
Speed,120,5,0.316916315789474,109.32,8,5,1.3008
Speed,120,5,0.316916315789474,105.93,6,4,1.48996
Speed,120,5,0.316916315789474,93.89,7,4,1.52756
Speed,120,5,0.316916315789474,86.21,6,5,1.50191666666667
Speed,120,5,0.316916315789474,114.12,6,4,1.95012
Speed,120,5,0.316916315789474,120.19,5,5,1.37278333333333
Speed,120,5,0.316916315789474,113.69,6,4,1.8712
Speed,120,5,0.316916315789474,98.74,4,6,1.1851
Speed,120,5,0.316916315789474,100.18,6,5,1.08406666666667
Speed,120,5,0.316916315789474,95.4,6,5,1.46811666666667
Speed,120,5,0.316916315789474,109.29,5,5,1.50168333333333
Speed,120,5,0.316916315789474,104.26,5,6,1.09492857142857
Speed,120,5,0.316916315789474,90.73,5,6,1.03834285714286
Speed,120,5,0.316916315789474,169.41,5,5,1.55965
Speed,120,5,0.316916315789474,88.7,8,3,1.8484
Speed,120,5,0.316916315789474,114.92,8,4,1.60572
Speed,120,5,0.316916315789474,133.19,8,3,1.84795
Speed,120,5,0.316916315789474,67.98,9,3,1.9184
Speed,120,5,0.316916315789474,130.91,9,3,2.03675
Speed,80,3,0.316916315789474,42.92,6,4,1.42036
Speed,80,3,0.316916315789474,55.27,6,6,1.21598571428571
Speed,80,3,0.316916315789474,52.75,5,6,1.12955714285714
Speed,80,3,0.316916315789474,72.29,5,5,1.25856666666667
Speed,80,3,0.316916315789474,47.87,7,5,1.17511666666667
Speed,80,3,0.316916315789474,77.21,8,4,1.94022
Speed,80,3,0.316916315789474,69.76,6,4,1.5153
Speed,80,3,0.316916315789474,69.75,7,4,1.4289
Speed,80,3,0.316916315789474,60.62,7,3,1.666325
Speed,80,3,0.316916315789474,57.16,6,3,1.854175
Speed,80,3,0.316916315789474,100.78,8,3,1.82285
Speed,80,3,0.316916315789474,82.15,10,3,1.65355
Speed,80,3,0.316916315789474,77.8,6,4,1.51424
Speed,80,3,0.316916315789474,109.33,8,5,1.32143333333333
Speed,80,3,0.316916315789474,93.68,9,3,1.6991
Speed,80,3,0.316916315789474,64.98,5,5,1.0883
Speed,80,3,0.316916315789474,63.41,7,4,1.45892
Speed,80,3,0.316916315789474,84.76,6,4,1.24952
Speed,80,3,0.316916315789474,78.03,6,4,1.6648
Speed,80,3,0.316916315789474,32.5,5,5,1.0505
Speed,80,5,0.384193947368421,174.01,9,2,2.0888
Speed,80,5,0.384193947368421,76.95,8,2,2.05313333333333
Speed,80,5,0.384193947368421,136.27,8,2,2.11996666666667
Speed,80,5,0.384193947368421,106.71,7,2,2.1613
Speed,80,5,0.384193947368421,163.04,7,3,1.635325
Speed,80,5,0.384193947368421,120.38,9,2,2.06093333333333
Speed,80,5,0.384193947368421,104.51,9,2,1.9714
Speed,80,5,0.384193947368421,138.35,10,2,2.45536666666667
Speed,80,5,0.384193947368421,101.41,6,3,2.018825
Speed,80,5,0.384193947368421,79.36,9,2,2.246
Speed,80,5,0.384193947368421,89.89,9,2,2.18713333333333
Speed,80,5,0.384193947368421,83.81,8,2,2.23456666666667
Speed,80,5,0.384193947368421,123.53,9,2,2.17886666666667
Speed,80,5,0.384193947368421,152.8,6,3,2.118625
Speed,80,5,0.384193947368421,117.58,7,2,2.0608
Speed,80,5,0.384193947368421,69.57,14,1,2.9679
Speed,80,5,0.384193947368421,97.35,9,2,2.38743333333333
Speed,80,5,0.384193947368421,179.52,9,2,2.1124
Speed,80,5,0.384193947368421,105.7,8,2,2.05343333333333
Speed,80,5,0.384193947368421,96.68,9,2,2.41243333333333
Speed,120,3,0.384193947368421,74.74,14,1,3.78975
Speed,120,3,0.384193947368421,86.78,11,1,3.93895
Speed,120,3,0.384193947368421,68.66,14,1,4.69515
Speed,120,3,0.384193947368421,78.55,12,1,3.9761
Speed,120,3,0.384193947368421,51.26,14,1,3.7559
Speed,120,3,0.384193947368421,70.48,11,1,3.75195
Speed,120,3,0.384193947368421,57.76,12,1,5.34495
Speed,120,3,0.384193947368421,129.57,12,1,4.11485
Speed,120,3,0.384193947368421,65.62,17,1,4.82915
Speed,120,3,0.384193947368421,93.15,14,1,4.6178
Speed,120,3,0.384193947368421,52.94,14,1,3.6891
Speed,120,3,0.384193947368421,73.49,12,1,4.37695
Speed,120,3,0.384193947368421,102.92,11,1,4.7342
Speed,120,3,0.384193947368421,49.17,14,1,3.73955
Speed,120,3,0.384193947368421,106.02,12,1,3.70245
Speed,120,3,0.384193947368421,130.45,12,1,4.49325
Speed,120,3,0.384193947368421,48.67,12,1,4.2539
Speed,120,3,0.384193947368421,61.61,20,0,6.8959
Speed,120,3,0.384193947368421,57.47,11,1,4.367
Speed,120,3,0.384193947368421,67.72,10,1,3.70165
Speed,80,3,0.384193947368421,54.63,11,1,4.62845
Speed,80,3,0.384193947368421,76.3,11,1,3.7784
Speed,80,3,0.384193947368421,60.64,11,1,3.514
Speed,80,3,0.384193947368421,62.1,11,1,3.64205
Speed,80,3,0.384193947368421,128.52,10,1,4.52545
Speed,80,3,0.384193947368421,84.72,10,1,3.67745
Speed,80,3,0.384193947368421,104.96,11,1,3.3604
Speed,80,3,0.384193947368421,77.05,11,1,3.7278
Speed,80,3,0.384193947368421,69.21,12,1,3.5551
Speed,80,3,0.384193947368421,84.98,11,1,3.851
Speed,80,3,0.384193947368421,87.59,9,3,2.2099
Speed,80,3,0.384193947368421,60.79,10,1,3.2536
Speed,80,3,0.384193947368421,76.32,11,1,4.07925
Speed,80,3,0.384193947368421,64.32,11,1,3.43915
Speed,80,3,0.384193947368421,59.14,11,1,3.3044
Speed,80,3,0.384193947368421,94.53,11,1,4.09005
Speed,80,3,0.384193947368421,78.72,11,1,3.6179
Speed,80,3,0.384193947368421,71.19,11,1,3.7268
Speed,80,3,0.384193947368421,115.55,11,1,3.5784
Speed,80,3,0.384193947368421,88.44,10,1,3.4528
Speed,120,5,0.384193947368421,108.12,11,1,3.55325
Speed,120,5,0.384193947368421,91.49,13,1,2.9636
Speed,120,5,0.384193947368421,73.59,11,1,3.35335
Speed,120,5,0.384193947368421,94.81,10,1,2.9906
Speed,120,5,0.384193947368421,123.28,11,1,3.4779
Speed,120,5,0.384193947368421,105.05,11,1,3.32885
Speed,120,5,0.384193947368421,90.84,12,1,3.48535
Speed,120,5,0.384193947368421,144.59,10,1,3.3153
Speed,120,5,0.384193947368421,72.59,9,2,2.28306666666667
Speed,120,5,0.384193947368421,104.93,14,1,3.90435
Speed,120,5,0.384193947368421,128.36,13,1,3.22715
Speed,120,5,0.384193947368421,93.9,12,1,2.95245
Speed,120,5,0.384193947368421,96.24,11,1,3.2274
Speed,120,5,0.384193947368421,90.45,12,1,3.84105
Speed,120,5,0.384193947368421,104.83,14,1,3.2406
Speed,120,5,0.384193947368421,103.34,12,1,3.3525
Speed,120,5,0.384193947368421,71.83,11,1,3.28985
Speed,120,5,0.384193947368421,116.64,12,1,3.46515
Speed,120,5,0.384193947368421,99.96,11,1,3.15175
Speed,120,5,0.384193947368421,103.82,11,1,3.3786
Speed,120,5,0.286344210526316,67.59,7,3,1.574825
Speed,120,5,0.286344210526316,159.96,6,3,1.637125
Speed,120,5,0.286344210526316,109.52,7,4,1.3864
Speed,120,5,0.286344210526316,124.98,10,3,1.35395
Speed,120,5,0.286344210526316,92.77,7,2,1.89556666666667
Speed,120,5,0.286344210526316,134.72,6,5,1.00128333333333
Speed,120,5,0.286344210526316,111.29,9,4,1.27298
Speed,120,5,0.286344210526316,104.16,9,4,1.12584
Speed,120,5,0.286344210526316,124.34,9,3,1.56255
Speed,120,5,0.286344210526316,110.83,16,2,1.84623333333333
Speed,120,5,0.286344210526316,140.16,16,2,2.01353333333333
Speed,120,5,0.286344210526316,119.16,6,4,1.20846
Speed,120,5,0.286344210526316,137.25,6,4,1.20652
Speed,120,5,0.286344210526316,113.95,9,2,1.98073333333333
Speed,120,5,0.286344210526316,81.23,9,3,1.719525
Speed,120,5,0.286344210526316,99.64,10,2,2.49606666666667
Speed,120,5,0.286344210526316,122.34,20,0,5.628
Speed,120,5,0.286344210526316,59.54,20,0,6.2992
Speed,120,5,0.286344210526316,156.15,13,2,2.15683333333333
Speed,120,5,0.286344210526316,64.85,20,0,6.2565
Speed,80,3,0.286344210526316,86.7,6,4,1.62522
Speed,80,3,0.286344210526316,84.16,9,4,1.56502
Speed,80,3,0.286344210526316,91.53,12,2,2.76106666666667
Speed,80,3,0.286344210526316,76.52,6,6,1.0698
Speed,80,3,0.286344210526316,77.42,9,4,1.48376
Speed,80,3,0.286344210526316,57.12,12,2,2.69396666666667
Speed,80,3,0.286344210526316,76.94,9,2,2.3295
Speed,80,3,0.286344210526316,62.87,10,2,2.30323333333333
Speed,80,3,0.286344210526316,88.17,7,3,1.837625
Speed,80,3,0.286344210526316,60.32,9,2,2.36246666666667
Speed,80,3,0.286344210526316,83.1,11,2,2.12033333333333
Speed,80,3,0.286344210526316,76.22,12,4,1.52896
Speed,80,3,0.286344210526316,67,7,2,2.45383333333333
Speed,80,3,0.286344210526316,54.59,12,2,2.3129
Speed,80,3,0.286344210526316,78.8,12,2,2.4027
Speed,80,3,0.286344210526316,40.91,20,0,6.7213
Speed,80,3,0.286344210526316,42.34,20,0,7.0718
Speed,80,3,0.286344210526316,70.88,20,0,6.1523
Speed,80,3,0.286344210526316,80.78,20,0,6.3754
Speed,80,3,0.286344210526316,121.68,20,0,6.8002
Speed,120,3,0.286344210526316,105.31,20,0,6.9794
Speed,120,3,0.286344210526316,64.02,20,0,8.1562
Speed,120,3,0.286344210526316,93,11,1,3.44005
Speed,120,3,0.286344210526316,44.61,12,1,3.3268
Speed,120,3,0.286344210526316,47.5,13,1,2.8395
Speed,120,3,0.286344210526316,79.91,20,0,6.774
Speed,120,3,0.286344210526316,57.63,11,1,3.32945
Speed,120,3,0.286344210526316,82.09,20,0,7.1343
Speed,120,3,0.286344210526316,121.05,20,0,6.6819
Speed,120,3,0.286344210526316,47.11,20,0,6.3984
Speed,120,3,0.286344210526316,77.25,20,0,8.3064
Speed,120,3,0.286344210526316,100.27,20,0,7.2779
Speed,120,3,0.286344210526316,82.74,20,0,7.2544
Speed,120,3,0.286344210526316,86.24,8,3,1.903275
Speed,120,3,0.286344210526316,87.17,10,1,2.6772
Speed,120,3,0.286344210526316,87.09,20,0,6.0762
Speed,120,3,0.286344210526316,56.85,20,0,7.5456
Speed,120,3,0.286344210526316,73.26,11,1,3.3143
Speed,120,3,0.286344210526316,107.04,13,1,3.6349
Speed,120,3,0.286344210526316,114.11,20,0,6.578
Speed,80,5,0.286344210526316,93.91,9,4,1.40586
Speed,80,5,0.286344210526316,75.92,7,3,1.85715
Speed,80,5,0.286344210526316,130.61,13,2,2.18776666666667
Speed,80,5,0.286344210526316,96.72,8,2,2.2128
Speed,80,5,0.286344210526316,171.54,12,1,3.451
Speed,80,5,0.286344210526316,112.03,9,2,2.09786666666667
Speed,80,5,0.286344210526316,103.49,8,4,1.2671
Speed,80,5,0.286344210526316,104.49,7,4,1.47136
Speed,80,5,0.286344210526316,130.73,17,3,1.693275
Speed,80,5,0.286344210526316,93.23,15,1,2.7949
Speed,80,5,0.286344210526316,113.57,17,1,3.4811
Speed,80,5,0.286344210526316,106.01,7,2,1.9544
Speed,80,5,0.286344210526316,129.12,9,4,1.40678
Speed,80,5,0.286344210526316,118.16,9,5,1.06338333333333
Speed,80,5,0.286344210526316,103.38,11,3,1.70715
Speed,80,5,0.286344210526316,126.19,9,2,2.45276666666667
Speed,80,5,0.286344210526316,95.02,6,3,1.6395
Speed,80,5,0.286344210526316,75.64,9,2,2.25356666666667
Speed,80,5,0.286344210526316,81.75,11,2,1.9466
Speed,80,5,0.286344210526316,75.69,6,3,2.20795
Speed,80,3,0.264108157894737,71.27,20,0,5.6968
Speed,80,3,0.264108157894737,137.39,20,0,6.1733
Speed,80,3,0.264108157894737,53.04,13,1,3.41555
Speed,80,3,0.264108157894737,78.34,20,0,5.2698
Speed,80,3,0.264108157894737,36.81,20,0,6.1065
Speed,80,3,0.264108157894737,84.41,20,0,5.3717
Speed,80,3,0.264108157894737,105.79,20,0,5.3245
Speed,80,3,0.264108157894737,32.51,20,0,5.4218
Speed,80,3,0.264108157894737,81.7,20,0,5.9234
Speed,80,3,0.264108157894737,60.75,20,0,4.9973
Speed,80,3,0.264108157894737,57.32,20,0,5.8217
Speed,80,3,0.264108157894737,137.42,20,0,5.901
Speed,80,3,0.264108157894737,74.15,14,1,3.50245
Speed,80,3,0.264108157894737,41.92,20,0,5.6721
Speed,80,3,0.264108157894737,109.69,20,0,5.5001
Speed,80,3,0.264108157894737,53.62,20,0,6.3003
Speed,80,3,0.264108157894737,34.93,20,0,5.7961
Speed,80,3,0.264108157894737,51.44,20,0,5.8721
Speed,80,3,0.264108157894737,63.68,13,1,3.88855
Speed,80,3,0.264108157894737,96.42,20,0,5.8915
Speed,120,5,0.264108157894737,151.8,13,1,3.2904
Speed,120,5,0.264108157894737,207.63,13,1,3.23935
Speed,120,5,0.264108157894737,104.07,13,1,3.10345
Speed,120,5,0.264108157894737,105.37,14,1,3.43095
Speed,120,5,0.264108157894737,112.84,13,1,3.27815
Speed,120,5,0.264108157894737,122.71,13,1,3.1883
Speed,120,5,0.264108157894737,155.39,12,1,3.2514
Speed,120,5,0.264108157894737,129.39,12,1,3.6426
Speed,120,5,0.264108157894737,118.36,14,1,3.327
Speed,120,5,0.264108157894737,112.24,11,1,3.14175
Speed,120,5,0.264108157894737,102.32,12,1,3.5744
Speed,120,5,0.264108157894737,111.51,11,1,3.39145
Speed,120,5,0.264108157894737,130.65,14,1,3.39655
Speed,120,5,0.264108157894737,126.19,13,1,3.07835
Speed,120,5,0.264108157894737,176.1,12,1,3.05615
Speed,120,5,0.264108157894737,121.86,12,1,3.1143
Speed,120,5,0.264108157894737,106.31,10,1,3.639
Speed,120,5,0.264108157894737,161.99,10,2,2.96356666666667
Speed,120,5,0.264108157894737,95.51,11,1,3.02805
Speed,120,5,0.264108157894737,107.51,12,1,3.15145
Speed,80,5,0.264108157894737,97.62,9,2,2.4206
Speed,80,5,0.264108157894737,48.01,7,2,2.16116666666667
Speed,80,5,0.264108157894737,65.15,13,1,2.9261
Speed,80,5,0.264108157894737,156.26,11,1,3.29425
Speed,80,5,0.264108157894737,126.9,13,1,3.2923
Speed,80,5,0.264108157894737,113.15,9,2,2.08693333333333
Speed,80,5,0.264108157894737,118.19,8,2,2.38816666666667
Speed,80,5,0.264108157894737,94.94,7,2,2.26166666666667
Speed,80,5,0.264108157894737,101.06,8,2,2.2612
Speed,80,5,0.264108157894737,165.59,8,2,2.2958
Speed,80,5,0.264108157894737,125.25,11,2,2.5788
Speed,80,5,0.264108157894737,105.51,8,2,2.27146666666667
Speed,80,5,0.264108157894737,135.83,10,2,2.31273333333333
Speed,80,5,0.264108157894737,86.32,8,2,2.236
Speed,80,5,0.264108157894737,136.02,11,1,3.01525
Speed,80,5,0.264108157894737,104.64,8,2,2.70483333333333
Speed,80,5,0.264108157894737,102.42,7,2,2.17816666666667
Speed,80,5,0.264108157894737,127.9,7,2,2.3278
Speed,80,5,0.264108157894737,99.86,12,1,3.26185
Speed,80,5,0.264108157894737,59.33,13,1,2.95405
Speed,120,3,0.264108157894737,46.73,20,0,5.3999
Speed,120,3,0.264108157894737,59.63,20,0,6.1528
Speed,120,3,0.264108157894737,53.75,20,0,5.8266
Speed,120,3,0.264108157894737,46.47,20,0,5.522
Speed,120,3,0.264108157894737,89.1,20,0,5.6219
Speed,120,3,0.264108157894737,55.63,20,0,5.9957
Speed,120,3,0.264108157894737,37.02,20,0,5.4484
Speed,120,3,0.264108157894737,47.2,20,0,6.5733
Speed,120,3,0.264108157894737,75.45,20,0,5.9709
Speed,120,3,0.264108157894737,87.67,20,0,5.9726
Speed,120,3,0.264108157894737,140.11,20,0,7.1768
Speed,120,3,0.264108157894737,80.33,20,0,6.3518
Speed,120,3,0.264108157894737,85.91,20,0,8.4033
Speed,120,3,0.264108157894737,80.31,20,0,6.3211
Speed,120,3,0.264108157894737,100.24,20,0,5.8734
Speed,120,3,0.264108157894737,53.74,20,0,6.2242
Speed,120,3,0.264108157894737,40.45,20,0,5.0877
Speed,120,3,0.264108157894737,110.95,20,0,6.8555
Speed,120,3,0.264108157894737,53.53,20,0,5.6707
Speed,120,3,0.264108157894737,67.26,20,0,6.4964
Speed,80,3,0.184142105263158,54.32,11,1,2.15195
Speed,80,3,0.184142105263158,42.37,13,1,2.2392
Speed,80,3,0.184142105263158,30.15,12,1,2.37575
Speed,80,3,0.184142105263158,61.69,20,0,4.3468
Speed,80,3,0.184142105263158,72.6,20,0,4.0489
Speed,80,3,0.184142105263158,94.57,20,0,4.1971
Speed,80,3,0.184142105263158,45.86,20,0,4.3514
Speed,80,3,0.184142105263158,43.74,20,0,4.0991
Speed,80,3,0.184142105263158,55.51,20,0,3.7461
Speed,80,3,0.184142105263158,96.97,20,0,4.4463
Speed,80,3,0.184142105263158,69.72,20,0,4.7507
Speed,80,3,0.184142105263158,85.09,20,0,4.1224
Speed,80,3,0.184142105263158,36.52,20,0,5.2961
Speed,80,3,0.184142105263158,84.96,20,0,4.2988
Speed,80,3,0.184142105263158,53.71,20,0,4.1719
Speed,80,3,0.184142105263158,36.47,20,0,4.2756
Speed,80,3,0.184142105263158,44.51,20,0,4.5732
Speed,80,3,0.184142105263158,41.73,20,0,3.9968
Speed,80,3,0.184142105263158,56.36,20,0,4.3475
Speed,80,3,0.184142105263158,109.68,20,0,4.1718
Speed,120,5,0.184142105263158,96.37,10,2,1.74503333333333
Speed,120,5,0.184142105263158,92.38,10,2,1.85446666666667
Speed,120,5,0.184142105263158,95.59,16,1,2.2143
Speed,120,5,0.184142105263158,137.92,20,0,4.1215
Speed,120,5,0.184142105263158,78.93,13,1,2.51685
Speed,120,5,0.184142105263158,163.96,20,0,4.3974
Speed,120,5,0.184142105263158,61.46,13,1,2.439
Speed,120,5,0.184142105263158,87.93,12,2,2.97893333333333
Speed,120,5,0.184142105263158,100.28,12,1,2.679
Speed,120,5,0.184142105263158,131.99,10,2,1.76146666666667
Speed,120,5,0.184142105263158,99.9,13,2,1.88683333333333
Speed,120,5,0.184142105263158,58.69,20,0,4.7241
Speed,120,5,0.184142105263158,88.19,20,0,5.2975
Speed,120,5,0.184142105263158,120.24,20,0,4.3718
Speed,120,5,0.184142105263158,121.52,20,0,4.3971
Speed,120,5,0.184142105263158,51.96,11,1,2.60335
Speed,120,5,0.184142105263158,121.73,20,0,4.625
Speed,120,5,0.184142105263158,119.23,20,0,4.0736
Speed,120,5,0.184142105263158,154.91,20,0,4.9004
Speed,120,5,0.184142105263158,159.99,20,0,4.3469
Speed,80,5,0.184142105263158,115.99,12,1,2.34065
Speed,80,5,0.184142105263158,80.05,20,0,3.9216
Speed,80,5,0.184142105263158,101.76,14,1,2.3642
Speed,80,5,0.184142105263158,62.8,11,1,2.3759
Speed,80,5,0.184142105263158,80.57,20,0,4.3959
Speed,80,5,0.184142105263158,106.11,14,1,2.44665
Speed,80,5,0.184142105263158,98.32,12,1,2.289
Speed,80,5,0.184142105263158,112.48,16,1,2.1401
Speed,80,5,0.184142105263158,135.59,14,1,2.28975
Speed,80,5,0.184142105263158,138.96,17,1,2.22705
Speed,80,5,0.184142105263158,109.19,12,1,2.32695
Speed,80,5,0.184142105263158,75.31,20,0,4.5202
Speed,80,5,0.184142105263158,162.29,20,0,4.222
Speed,80,5,0.184142105263158,105.41,15,1,2.22655
Speed,80,5,0.184142105263158,48.54,14,1,2.3732
Speed,80,5,0.184142105263158,124.17,11,1,2.46545
Speed,80,5,0.184142105263158,100.27,9,2,2.08343333333333
Speed,80,5,0.184142105263158,59.81,12,1,2.38975
Speed,80,5,0.184142105263158,177.67,14,1,2.4762
Speed,80,5,0.184142105263158,83.05,12,1,2.7051
Speed,120,3,0.184142105263158,69.84,20,0,4.1965
Speed,120,3,0.184142105263158,69.8,20,0,4.6013
Speed,120,3,0.184142105263158,71.55,20,0,4.8252
Speed,120,3,0.184142105263158,37.53,20,0,4.3987
Speed,120,3,0.184142105263158,62.73,20,0,4.5472
Speed,120,3,0.184142105263158,106.64,10,1,2.61495
Speed,120,3,0.184142105263158,32.25,20,0,4.398
Speed,120,3,0.184142105263158,32.54,20,0,4.2136
Speed,120,3,0.184142105263158,68.16,20,0,4.7725
Speed,120,3,0.184142105263158,88.64,20,0,4.6717
Speed,120,3,0.184142105263158,71.62,20,0,4.2728
Speed,120,3,0.184142105263158,65.93,20,0,4.2986
Speed,120,3,0.184142105263158,81.87,20,0,3.9463
Speed,120,3,0.184142105263158,33.48,20,0,4.6228
Speed,120,3,0.184142105263158,69.86,20,0,4.1954
Speed,120,3,0.184142105263158,48.96,20,0,4.3985
Speed,120,3,0.184142105263158,84.29,20,0,4.1227
Speed,120,3,0.184142105263158,91.45,20,0,4.0467
Speed,120,3,0.184142105263158,67.94,20,0,4.3227
Speed,120,3,0.184142105263158,44.44,20,0,3.8488
Speed,120,5,0.184304210526316,87.12,20,0,4.2601
Speed,120,5,0.184304210526316,169.01,20,0,4.4051
Speed,120,5,0.184304210526316,58.61,20,0,4.0466
Speed,120,5,0.184304210526316,46.1,20,0,4.0459
Speed,120,5,0.184304210526316,172.8,20,0,4.8048
Speed,120,5,0.184304210526316,85.34,20,0,4.5782
Speed,120,5,0.184304210526316,87.1,20,0,4.4732
Speed,120,5,0.184304210526316,85.06,20,0,4.4501
Speed,120,5,0.184304210526316,105.77,20,0,4.1045
Speed,120,5,0.184304210526316,95.11,16,1,2.56925
Speed,120,5,0.184304210526316,159.66,20,0,4.5038
Speed,120,5,0.184304210526316,68.83,20,0,4.536
Speed,120,5,0.184304210526316,128.39,20,0,4.9121
Speed,120,5,0.184304210526316,111.81,20,0,5.1315
Speed,120,5,0.184304210526316,60.17,20,0,4.2262
Speed,120,5,0.184304210526316,111.32,20,0,4.8785
Speed,120,5,0.184304210526316,195.67,20,0,4.5016
Speed,120,5,0.184304210526316,92.94,20,0,4.0429
Speed,120,5,0.184304210526316,165.59,15,1,2.73195
Speed,120,5,0.184304210526316,102.39,8,2,1.7386
Speed,80,3,0.184304210526316,68.82,19,1,2.72635
Speed,80,3,0.184304210526316,48.48,14,1,2.55935
Speed,80,3,0.184304210526316,54.81,20,1,2.2903
Speed,80,3,0.184304210526316,43.71,10,1,2.7315
Speed,80,3,0.184304210526316,43.61,20,0,4.149
Speed,80,3,0.184304210526316,53.93,20,1,2.1889
Speed,80,3,0.184304210526316,82.25,20,0,4.2721
Speed,80,3,0.184304210526316,69.05,20,0,4.9291
Speed,80,3,0.184304210526316,77.71,20,0,4.4469
Speed,80,3,0.184304210526316,67.19,20,0,4.0748
Speed,80,3,0.184304210526316,60.45,20,0,4.6763
Speed,80,3,0.184304210526316,88.88,20,0,4.8248
Speed,80,3,0.184304210526316,48.25,20,0,4.4496
Speed,80,3,0.184304210526316,70.73,20,0,4.5081
Speed,80,3,0.184304210526316,50.09,10,1,2.8402
Speed,80,3,0.184304210526316,42.79,20,0,4.604
Speed,80,3,0.184304210526316,83.53,20,0,4.5488
Speed,80,3,0.184304210526316,154.87,20,0,5.2582
Speed,80,3,0.184304210526316,49.55,17,1,3.2785
Speed,80,3,0.184304210526316,76.68,20,0,5.2002
Speed,120,3,0.184304210526316,41.47,20,0,4.4242
Speed,120,3,0.184304210526316,58.58,20,0,4.4256
Speed,120,3,0.184304210526316,60.37,20,0,4.5753
Speed,120,3,0.184304210526316,85.67,20,0,4.7321
Speed,120,3,0.184304210526316,38.56,20,0,4.5312
Speed,120,3,0.184304210526316,48.6,20,0,4.8302
Speed,120,3,0.184304210526316,51.61,20,0,4.8543
Speed,120,3,0.184304210526316,95.84,20,0,4.5512
Speed,120,3,0.184304210526316,54.7,20,0,4.3245
Speed,120,3,0.184304210526316,29.02,20,0,4.3447
Speed,120,3,0.184304210526316,89.12,20,0,4.0452
Speed,120,3,0.184304210526316,56.87,20,0,4.5282
Speed,120,3,0.184304210526316,94.56,20,0,4.3299
Speed,120,3,0.184304210526316,51.86,20,0,4.8105
Speed,120,3,0.184304210526316,68.41,20,0,3.9278
Speed,120,3,0.184304210526316,44.94,20,0,6.6425
Speed,120,3,0.184304210526316,136.65,20,0,4.0508
Speed,120,3,0.184304210526316,54.24,20,0,4.1026
Speed,120,3,0.184304210526316,79.56,20,0,4.7832
Speed,120,3,0.184304210526316,61.65,20,0,4.3978
Speed,80,5,0.184304210526316,74.45,20,0,4.6569
Speed,80,5,0.184304210526316,74.61,20,0,3.949
Speed,80,5,0.184304210526316,83.4,20,0,4.1257
Speed,80,5,0.184304210526316,113.6,20,0,4.0331
Speed,80,5,0.184304210526316,97.12,20,0,4.255
Speed,80,5,0.184304210526316,170.67,20,0,5.0546
Speed,80,5,0.184304210526316,99.36,12,1,2.76545
Speed,80,5,0.184304210526316,141.66,20,0,4.4777
Speed,80,5,0.184304210526316,97.98,13,1,2.4217
Speed,80,5,0.184304210526316,92.46,20,0,4.2296
Speed,80,5,0.184304210526316,125.23,20,0,4.3749
Speed,80,5,0.184304210526316,115.4,9,2,1.6459
Speed,80,5,0.184304210526316,90.69,13,1,2.4958
Speed,80,5,0.184304210526316,80.78,14,1,2.367
Speed,80,5,0.184304210526316,81.22,13,1,2.6299
Speed,80,5,0.184304210526316,89.01,11,1,2.5688
Speed,80,5,0.184304210526316,96.42,12,1,2.2321
Speed,80,5,0.184304210526316,121.56,13,1,2.3678
Speed,80,5,0.184304210526316,89.07,10,1,2.253
Speed,80,5,0.184304210526316,57.14,15,1,2.253
Speed,80,5,0.394169473684211,96.21,6,4,1.80974
Speed,80,5,0.394169473684211,175.67,15,1,3.78895
Speed,80,5,0.394169473684211,113.38,6,3,2.2962
Speed,80,5,0.394169473684211,137.11,8,2,2.76186666666667
Speed,80,5,0.394169473684211,102.27,10,3,2.505025
Speed,80,5,0.394169473684211,104.48,11,2,2.69573333333333
Speed,80,5,0.394169473684211,144.51,10,4,2.1497
Speed,80,5,0.394169473684211,91.2,5,4,1.93418
Speed,80,5,0.394169473684211,141.31,7,3,2.662425
Speed,80,5,0.394169473684211,123.96,10,3,2.01575
Speed,80,5,0.394169473684211,149.4,8,2,3.38893333333333
Speed,80,5,0.394169473684211,112.01,9,3,2.341375
Speed,80,5,0.394169473684211,107.01,14,1,4.0278
Speed,80,5,0.394169473684211,81.07,10,2,2.5545
Speed,80,5,0.394169473684211,110.89,13,2,2.6885
Speed,80,5,0.394169473684211,106.56,11,2,2.26033333333333
Speed,80,5,0.394169473684211,106.05,9,2,2.5114
Speed,80,5,0.394169473684211,91.13,8,2,2.90193333333333
Speed,80,5,0.394169473684211,160.22,9,3,2.94335
Speed,80,5,0.394169473684211,149.13,8,2,2.7628
Speed,120,3,0.394169473684211,103.93,9,2,4.99463333333333
Speed,120,3,0.394169473684211,100.04,12,1,5.07515
Speed,120,3,0.394169473684211,102.99,12,1,7.1016
Speed,120,3,0.394169473684211,41.15,11,1,5.6383
Speed,120,3,0.394169473684211,119.48,13,1,6.5334
Speed,120,3,0.394169473684211,152.82,13,1,5.49255
Speed,120,3,0.394169473684211,102.12,16,1,5.051
Speed,120,3,0.394169473684211,153.2,12,1,7.5998
Speed,120,3,0.394169473684211,72.82,15,1,4.8859
Speed,120,3,0.394169473684211,110.14,16,1,4.7286
Speed,120,3,0.394169473684211,137.08,15,2,3.96353333333333
Speed,120,3,0.394169473684211,69.06,15,2,3.73496666666667
Speed,120,3,0.394169473684211,110.91,11,1,4.90925
Speed,120,3,0.394169473684211,111.42,9,2,3.78443333333333
Speed,120,3,0.394169473684211,72.62,14,1,4.97615
Speed,120,3,0.394169473684211,79.78,20,2,3.9867
Speed,120,3,0.394169473684211,85.28,15,1,4.81245
Speed,120,3,0.394169473684211,74.79,15,1,4.274
Speed,120,3,0.394169473684211,161.87,16,1,5.84
Speed,120,3,0.394169473684211,83.52,12,1,5.7918
Speed,80,3,0.394169473684211,65.42,16,2,3.19466666666667
Speed,80,3,0.394169473684211,102.59,20,1,5.39925
Speed,80,3,0.394169473684211,66.3,14,1,5.64
Speed,80,3,0.394169473684211,71.75,14,1,3.92565
Speed,80,3,0.394169473684211,73.44,14,2,3.18136666666667
Speed,80,3,0.394169473684211,40.83,14,1,4.93805
Speed,80,3,0.394169473684211,88.72,14,1,4.5004
Speed,80,3,0.394169473684211,83.46,14,1,4.56375
Speed,80,3,0.394169473684211,99.87,11,1,5.5305
Speed,80,3,0.394169473684211,132.58,11,2,3.0767
Speed,80,3,0.394169473684211,95.04,12,1,5.27695
Speed,80,3,0.394169473684211,65.91,11,1,4.90685
Speed,80,3,0.394169473684211,47.99,12,1,5.58735
Speed,80,3,0.394169473684211,58.31,14,1,4.02595
Speed,80,3,0.394169473684211,111.41,10,2,3.88416666666667
Speed,80,3,0.394169473684211,75.23,7,2,3.34206666666667
Speed,80,3,0.394169473684211,60.21,8,2,3.31253333333333
Speed,80,3,0.394169473684211,84.39,13,1,3.69995
Speed,80,3,0.394169473684211,70.4,9,2,3.6029
Speed,80,3,0.394169473684211,66.01,6,4,1.77836
Speed,120,5,0.394169473684211,145.74,7,3,2.929125
Speed,120,5,0.394169473684211,170.5,15,2,2.85273333333333
Speed,120,5,0.394169473684211,72.63,8,2,2.81236666666667
Speed,120,5,0.394169473684211,146.05,7,3,2.742675
Speed,120,5,0.394169473684211,146.75,5,4,2.15754
Speed,120,5,0.394169473684211,150.09,6,4,2.09016
Speed,120,5,0.394169473684211,179.1,8,3,2.12215
Speed,120,5,0.394169473684211,122.5,6,4,2.09512
Speed,120,5,0.394169473684211,177.93,8,6,1.39407142857143
Speed,120,5,0.394169473684211,68.6,6,3,2.161225
Speed,120,5,0.394169473684211,107.87,5,7,1.304975
Speed,120,5,0.394169473684211,190.32,9,3,1.9041
Speed,120,5,0.394169473684211,206.33,10,2,3.40426666666667
Speed,120,5,0.394169473684211,144.28,16,1,4.3663
Speed,120,5,0.394169473684211,154.37,9,3,2.065625
Speed,120,5,0.394169473684211,120.7,8,3,2.7111
Speed,120,5,0.394169473684211,139.15,11,2,3.00223333333333
Speed,120,5,0.394169473684211,138.92,9,5,1.6473
Speed,120,5,0.394169473684211,130.02,6,4,1.55972
Speed,120,5,0.394169473684211,137.08,8,4,1.84844
Speed,120,3,0.382399459064327,61.52,8,3,2.059975
Speed,120,3,0.382399459064327,41.91,14,2,2.56956666666667
Speed,120,3,0.382399459064327,56.69,15,2,2.46906666666667
Speed,120,3,0.382399459064327,94.93,13,2,3.0937
Speed,120,3,0.382399459064327,84.68,17,2,2.84863333333333
Speed,120,3,0.382399459064327,62.95,12,2,2.5603
Speed,120,3,0.382399459064327,80.52,9,3,2.222225
Speed,120,3,0.382399459064327,74.69,8,3,2.3092
Speed,120,3,0.382399459064327,74.77,16,2,3.05346666666667
Speed,120,3,0.382399459064327,79.67,11,2,3.13583333333333
Speed,120,3,0.382399459064327,82.33,9,3,2.723725
Speed,120,3,0.382399459064327,74.03,14,2,2.89426666666667
Speed,120,3,0.382399459064327,65.99,11,2,2.7349
Speed,120,3,0.382399459064327,69.16,12,2,3.3107
Speed,120,3,0.382399459064327,87.04,14,2,3.2853
Speed,120,3,0.382399459064327,110.21,8,3,2.5096
Speed,120,3,0.382399459064327,79.47,9,3,2.365275
Speed,120,3,0.382399459064327,71.47,15,2,3.2196
Speed,120,3,0.382399459064327,60.42,12,2,2.77763333333333
Speed,120,3,0.382399459064327,104.34,14,2,3.0945
Speed,80,5,0.382399459064327,166.19,12,1,5.5385
Speed,80,5,0.382399459064327,211.42,16,2,3.68523333333333
Speed,80,5,0.382399459064327,144.9,6,4,1.9389
Speed,80,5,0.382399459064327,72.64,6,4,2.16936
Speed,80,5,0.382399459064327,138.31,8,4,2.4548
Speed,80,5,0.382399459064327,74.67,9,2,3.33696666666667
Speed,80,5,0.382399459064327,81.32,9,3,2.277425
Speed,80,5,0.382399459064327,79.29,9,3,2.648425
Speed,80,5,0.382399459064327,101.81,11,2,3.1295
Speed,80,5,0.382399459064327,156.09,6,4,2.2333
Speed,80,5,0.382399459064327,87.52,6,4,2.33562
Speed,80,5,0.382399459064327,141.08,6,4,2.4189
Speed,80,5,0.382399459064327,85.49,7,4,2.2482
Speed,80,5,0.382399459064327,104.36,6,4,1.94386
Speed,80,5,0.382399459064327,149.03,6,3,2.447275
Speed,80,5,0.382399459064327,103.46,8,3,2.433075
Speed,80,5,0.382399459064327,99.55,6,4,1.80856
Speed,80,5,0.382399459064327,79.71,5,5,1.74978333333333
Speed,80,5,0.382399459064327,121.32,8,4,2.05876
Speed,80,5,0.382399459064327,96.3,5,6,1.24002857142857
Speed,120,5,0.382399459064327,99.24,7,3,2.6195
Speed,120,5,0.382399459064327,92.46,10,3,2.68625
Speed,120,5,0.382399459064327,165.7,7,3,2.242
Speed,120,5,0.382399459064327,97.95,7,3,2.622125
Speed,120,5,0.382399459064327,67.1,7,3,2.397725
Speed,120,5,0.382399459064327,95.97,8,3,2.1278
Speed,120,5,0.382399459064327,109.66,10,3,1.97275
Speed,120,5,0.382399459064327,124.32,9,3,2.1407
Speed,120,5,0.382399459064327,104.27,13,2,2.7076
Speed,120,5,0.382399459064327,138.41,11,2,3.44623333333333
Speed,120,5,0.382399459064327,110.69,9,3,2.203125
Speed,120,5,0.382399459064327,82.86,8,3,2.0155
Speed,120,5,0.382399459064327,101.69,11,2,2.61856666666667
Speed,120,5,0.382399459064327,158.38,12,2,3.42063333333333
Speed,120,5,0.382399459064327,148.79,7,3,2.792075
Speed,120,5,0.382399459064327,123.68,6,4,2.15426
Speed,120,5,0.382399459064327,144.27,12,3,2.606225
Speed,120,5,0.382399459064327,92.75,6,4,2.28382
Speed,120,5,0.382399459064327,79.38,6,4,1.80956
Speed,120,5,0.382399459064327,136.19,7,4,1.92916
Speed,80,3,0.382399459064327,69.82,8,3,2.56615
Speed,80,3,0.382399459064327,41.04,8,3,2.24645
Speed,80,3,0.382399459064327,68.83,9,3,2.1913
Speed,80,3,0.382399459064327,113.74,14,2,3.00393333333333
Speed,80,3,0.382399459064327,106.26,8,3,2.20435
Speed,80,3,0.382399459064327,44.85,6,4,1.7289
Speed,80,3,0.382399459064327,46.65,13,2,2.69366666666667
Speed,80,3,0.382399459064327,97.66,9,3,2.785175
Speed,80,3,0.382399459064327,92.97,8,3,2.9484
Speed,80,3,0.382399459064327,75.88,7,3,1.92315
Speed,80,3,0.382399459064327,80.24,7,3,2.466125
Speed,80,3,0.382399459064327,65.85,11,3,1.95305
Speed,80,3,0.382399459064327,63.67,8,3,2.196375
Speed,80,3,0.382399459064327,60.17,7,3,2.121425
Speed,80,3,0.382399459064327,61.33,8,4,1.70876
Speed,80,3,0.382399459064327,76.19,7,4,1.95814
Speed,80,3,0.382399459064327,63.66,7,3,2.103125
Speed,80,3,0.382399459064327,59.76,8,3,2.5523
Speed,80,3,0.382399459064327,93.34,10,2,2.82646666666667
Speed,80,3,0.382399459064327,86.21,12,2,3.612
Accuracy,80,3,0.38790115497076,75.51,6,4,2.2784
Accuracy,80,3,0.38790115497076,53.1,6,4,1.91302
Accuracy,80,3,0.38790115497076,68.51,12,1,4.4139
Accuracy,80,3,0.38790115497076,59.46,7,3,2.559125
Accuracy,80,3,0.38790115497076,134.35,8,3,2.178425
Accuracy,80,3,0.38790115497076,55.56,6,4,1.80808
Accuracy,80,3,0.38790115497076,76.24,7,3,2.516
Accuracy,80,3,0.38790115497076,90.96,7,3,2.23415
Accuracy,80,3,0.38790115497076,75.39,8,4,1.85758
Accuracy,80,3,0.38790115497076,77.12,8,4,2.27366
Accuracy,80,3,0.38790115497076,64.17,5,4,1.98304
Accuracy,80,3,0.38790115497076,56.98,6,3,2.484
Accuracy,80,3,0.38790115497076,76.53,6,3,2.5472
Accuracy,80,3,0.38790115497076,66.17,8,2,2.8264
Accuracy,80,3,0.38790115497076,58.83,7,3,2.540775
Accuracy,80,3,0.38790115497076,64.83,9,3,2.2679
Accuracy,80,3,0.38790115497076,92.17,4,6,1.49715714285714
Accuracy,80,3,0.38790115497076,72.95,7,4,1.6639
Accuracy,80,3,0.38790115497076,74.03,6,4,1.60918
Accuracy,80,3,0.38790115497076,120.29,7,4,1.86328
Accuracy,120,5,0.38790115497076,117.04,6,3,2.39825
Accuracy,120,5,0.38790115497076,99.78,7,3,2.40975
Accuracy,120,5,0.38790115497076,146.94,8,3,2.72865
Accuracy,120,5,0.38790115497076,122.18,8,2,3.36976666666667
Accuracy,120,5,0.38790115497076,147.23,7,3,2.603375
Accuracy,120,5,0.38790115497076,158.11,9,4,2.059
Accuracy,120,5,0.38790115497076,117.5,8,4,1.91354
Accuracy,120,5,0.38790115497076,85.85,7,4,1.78862
Accuracy,120,5,0.38790115497076,130.6,11,2,2.93596666666667
Accuracy,120,5,0.38790115497076,122.35,6,3,2.3773
Accuracy,120,5,0.38790115497076,104.71,7,2,2.90156666666667
Accuracy,120,5,0.38790115497076,128.8,12,1,4.3996
Accuracy,120,5,0.38790115497076,128,9,2,3.0766
Accuracy,120,5,0.38790115497076,89.69,9,3,2.3274
Accuracy,120,5,0.38790115497076,122.51,8,2,3.241
Accuracy,120,5,0.38790115497076,144.53,10,1,3.9001
Accuracy,120,5,0.38790115497076,114.87,8,3,2.222
Accuracy,120,5,0.38790115497076,134.82,11,2,3.05776666666667
Accuracy,120,5,0.38790115497076,116.27,11,2,2.7779
Accuracy,120,5,0.38790115497076,109.78,9,2,3.57823333333333
Accuracy,80,5,0.38790115497076,144.4,6,5,1.8332
Accuracy,80,5,0.38790115497076,94.81,6,3,2.1469
Accuracy,80,5,0.38790115497076,149.36,11,2,2.67766666666667
Accuracy,80,5,0.38790115497076,105.2,6,4,1.90744
Accuracy,80,5,0.38790115497076,126.96,9,2,2.72696666666667
Accuracy,80,5,0.38790115497076,192.01,10,3,2.4416
Accuracy,80,5,0.38790115497076,137.14,7,4,1.96842
Accuracy,80,5,0.38790115497076,143.22,8,3,2.62165
Accuracy,80,5,0.38790115497076,117.83,8,2,3.0348
Accuracy,80,5,0.38790115497076,126.97,4,6,1.4045
Accuracy,80,5,0.38790115497076,95.78,6,4,2.23168
Accuracy,80,5,0.38790115497076,133.67,5,3,2.294425
Accuracy,80,5,0.38790115497076,108.19,8,2,3.26756666666667
Accuracy,80,5,0.38790115497076,157.59,13,1,4.01425
Accuracy,80,5,0.38790115497076,126.2,6,3,2.226675
Accuracy,80,5,0.38790115497076,169.9,11,1,4.80015
Accuracy,80,5,0.38790115497076,87.42,9,3,2.277975
Accuracy,80,5,0.38790115497076,106.17,11,3,2.221625
Accuracy,80,5,0.38790115497076,107.29,7,3,2.692025
Accuracy,80,5,0.38790115497076,122.24,8,3,2.460175
Accuracy,120,3,0.38790115497076,53.25,7,4,1.9798
Accuracy,120,3,0.38790115497076,94.91,9,2,2.72683333333333
Accuracy,120,3,0.38790115497076,90.89,10,2,3.21916666666667
Accuracy,120,3,0.38790115497076,112.52,8,3,2.261525
Accuracy,120,3,0.38790115497076,94.47,6,3,2.134525
Accuracy,120,3,0.38790115497076,73.88,8,3,2.33365
Accuracy,120,3,0.38790115497076,57.22,7,3,2.151725
Accuracy,120,3,0.38790115497076,43.78,8,3,2.36045
Accuracy,120,3,0.38790115497076,54.23,7,2,2.72743333333333
Accuracy,120,3,0.38790115497076,125.51,9,3,2.4033
Accuracy,120,3,0.38790115497076,77.73,6,3,2.4792
Accuracy,120,3,0.38790115497076,73.42,9,3,2.3266
Accuracy,120,3,0.38790115497076,108.61,9,2,3.2621
Accuracy,120,3,0.38790115497076,55.98,7,3,2.247075
Accuracy,120,3,0.38790115497076,87.74,8,3,2.479925
Accuracy,120,3,0.38790115497076,96.55,11,2,2.644
Accuracy,120,3,0.38790115497076,70.23,11,2,3.0774
Accuracy,120,3,0.38790115497076,92.4,11,1,3.991
Accuracy,120,3,0.38790115497076,72.73,7,2,3.27323333333333
Accuracy,120,3,0.38790115497076,99.67,10,2,2.99723333333333
Accuracy,120,3,0.25489235380117,59.37,8,3,1.436175
Accuracy,120,3,0.25489235380117,61.38,12,1,2.8756
Accuracy,120,3,0.25489235380117,76.02,11,2,1.81136666666667
Accuracy,120,3,0.25489235380117,81.28,11,3,1.391475
Accuracy,120,3,0.25489235380117,92.48,9,3,1.372875
Accuracy,120,3,0.25489235380117,84.13,6,4,1.12032
Accuracy,120,3,0.25489235380117,46.89,8,3,1.5546
Accuracy,120,3,0.25489235380117,54.41,9,2,1.9775
Accuracy,120,3,0.25489235380117,73.97,11,1,3.0805
Accuracy,120,3,0.25489235380117,47.59,20,0,5.4975
Accuracy,120,3,0.25489235380117,100.68,20,0,5.8205
Accuracy,120,3,0.25489235380117,64.03,20,0,5.2216
Accuracy,120,3,0.25489235380117,43.55,20,0,5.3721
Accuracy,120,3,0.25489235380117,72.17,11,1,3.0324
Accuracy,120,3,0.25489235380117,51.17,20,0,5.5441
Accuracy,120,3,0.25489235380117,101.75,12,1,2.95065
Accuracy,120,3,0.25489235380117,110.93,10,2,2.21253333333333
Accuracy,120,3,0.25489235380117,67.35,20,0,5.6577
Accuracy,120,3,0.25489235380117,81.1,14,1,2.8015
Accuracy,120,3,0.25489235380117,82.73,20,0,5.3736
Accuracy,80,5,0.25489235380117,101.42,4,8,0.835522222222222
Accuracy,80,5,0.25489235380117,85.18,4,7,0.9181375
Accuracy,80,5,0.25489235380117,76.49,4,6,0.811671428571429
Accuracy,80,5,0.25489235380117,69.23,4,7,0.8143125
Accuracy,80,5,0.25489235380117,59.99,3,6,0.787757142857143
Accuracy,80,5,0.25489235380117,73.24,4,8,0.704822222222222
Accuracy,80,5,0.25489235380117,58.2,4,6,0.868528571428571
Accuracy,80,5,0.25489235380117,49.34,4,6,0.894628571428571
Accuracy,80,5,0.25489235380117,61.85,4,6,0.697385714285714
Accuracy,80,5,0.25489235380117,85.06,4,5,1.06391666666667
Accuracy,80,5,0.25489235380117,105.97,4,6,0.784071428571429
Accuracy,80,5,0.25489235380117,79.96,3,6,0.730728571428571
Accuracy,80,5,0.25489235380117,83.2,4,5,0.87645
Accuracy,80,5,0.25489235380117,67.79,4,5,0.954216666666667
Accuracy,80,5,0.25489235380117,59.52,4,5,0.799933333333333
Accuracy,80,5,0.25489235380117,55.26,4,5,0.938466666666667
Accuracy,80,5,0.25489235380117,77.37,4,5,0.75825
Accuracy,80,5,0.25489235380117,56.05,4,5,0.6502
Accuracy,80,5,0.25489235380117,90.84,5,6,0.604885714285714
Accuracy,80,5,0.25489235380117,77.92,4,10,0.405236363636364
Accuracy,120,5,0.25489235380117,67.28,5,5,0.767383333333333
Accuracy,120,5,0.25489235380117,73.48,4,5,0.917233333333333
Accuracy,120,5,0.25489235380117,89.64,3,6,0.665928571428571
Accuracy,120,5,0.25489235380117,90.73,4,7,0.7404875
Accuracy,120,5,0.25489235380117,55.06,4,5,0.833966666666666
Accuracy,120,5,0.25489235380117,85.51,4,6,0.748414285714286
Accuracy,120,5,0.25489235380117,93.64,3,6,0.690471428571429
Accuracy,120,5,0.25489235380117,57.92,4,5,0.889216666666667
Accuracy,120,5,0.25489235380117,78.64,4,7,0.696725
Accuracy,120,5,0.25489235380117,94.83,4,6,0.640742857142857
Accuracy,120,5,0.25489235380117,90.95,4,5,0.8465
Accuracy,120,5,0.25489235380117,75.53,5,5,0.760866666666667
Accuracy,120,5,0.25489235380117,85.58,4,5,0.7755
Accuracy,120,5,0.25489235380117,75.46,5,6,0.745742857142857
Accuracy,120,5,0.25489235380117,106.26,4,7,0.6209125
Accuracy,120,5,0.25489235380117,90.85,4,5,0.6375
Accuracy,120,5,0.25489235380117,86.48,4,5,0.873383333333333
Accuracy,120,5,0.25489235380117,128.21,4,6,1.06332857142857
Accuracy,120,5,0.25489235380117,109.4,4,6,0.913542857142857
Accuracy,120,5,0.25489235380117,104.45,4,7,0.67115
Accuracy,80,3,0.25489235380117,63.98,4,6,0.800985714285714
Accuracy,80,3,0.25489235380117,56.55,3,7,0.6858625
Accuracy,80,3,0.25489235380117,52.34,5,6,0.744342857142857
Accuracy,80,3,0.25489235380117,55.46,4,5,0.7874
Accuracy,80,3,0.25489235380117,53.51,5,5,0.952633333333333
Accuracy,80,3,0.25489235380117,74.02,5,5,0.9985
Accuracy,80,3,0.25489235380117,52.2,4,5,1.1947
Accuracy,80,3,0.25489235380117,55.01,5,6,0.954157142857143
Accuracy,80,3,0.25489235380117,80.99,5,5,0.92495
Accuracy,80,3,0.25489235380117,49.49,4,6,0.693785714285714
Accuracy,80,3,0.25489235380117,50.04,4,6,0.812157142857143
Accuracy,80,3,0.25489235380117,35.77,5,5,0.7679
Accuracy,80,3,0.25489235380117,43.9,4,6,0.626485714285714
Accuracy,80,3,0.25489235380117,67.94,4,6,0.629771428571428
Accuracy,80,3,0.25489235380117,61.04,3,7,0.5203375
Accuracy,80,3,0.25489235380117,63.92,4,7,0.5432
Accuracy,80,3,0.25489235380117,57.05,4,6,0.641742857142857
Accuracy,80,3,0.25489235380117,37.9,4,6,0.654614285714286
Accuracy,80,3,0.25489235380117,82.32,4,7,0.6908125
Accuracy,80,3,0.25489235380117,56.15,4,5,0.792016666666667
Accuracy,80,5,0.275605,58.85,6,4,1.1593
Accuracy,80,5,0.275605,106.93,6,7,0.94095
Accuracy,80,5,0.275605,52.54,3,7,0.7958875
Accuracy,80,5,0.275605,56.69,4,5,1.08056666666667
Accuracy,80,5,0.275605,78.25,6,3,1.422725
Accuracy,80,5,0.275605,62.58,6,3,1.404525
Accuracy,80,5,0.275605,84.14,8,3,1.39175
Accuracy,80,5,0.275605,97.64,5,5,0.94675
Accuracy,80,5,0.275605,60.92,4,5,1.00556666666667
Accuracy,80,5,0.275605,85.29,3,6,0.987314285714286
Accuracy,80,5,0.275605,123.85,4,6,0.741014285714286
Accuracy,80,5,0.275605,70.71,5,6,0.797157142857143
Accuracy,80,5,0.275605,71.05,5,5,0.812683333333333
Accuracy,80,5,0.275605,64.61,3,6,0.765414285714286
Accuracy,80,5,0.275605,44.34,4,6,0.808671428571429
Accuracy,80,5,0.275605,87.05,3,8,0.6701
Accuracy,80,5,0.275605,65.1,5,6,0.740242857142857
Accuracy,80,5,0.275605,49.6,4,5,0.90025
Accuracy,80,5,0.275605,60.3,4,6,0.795471428571429
Accuracy,80,5,0.275605,80.45,4,6,0.811428571428571
Accuracy,120,3,0.275605,72.68,9,2,2.07783333333333
Accuracy,120,3,0.275605,44.85,12,1,2.9773
Accuracy,120,3,0.275605,57.15,12,1,3.0279
Accuracy,120,3,0.275605,68.21,7,3,1.7165
Accuracy,120,3,0.275605,45.34,11,1,3.2306
Accuracy,120,3,0.275605,67.55,8,2,2.3289
Accuracy,120,3,0.275605,67.12,13,2,2.00206666666667
Accuracy,120,3,0.275605,70.32,11,1,3.61795
Accuracy,120,3,0.275605,101.25,10,2,2.32053333333333
Accuracy,120,3,0.275605,69.79,13,1,3.34045
Accuracy,120,3,0.275605,42.53,13,1,2.8129
Accuracy,120,3,0.275605,81.8,20,0,5.3438
Accuracy,120,3,0.275605,67.36,11,1,3.893
Accuracy,120,3,0.275605,42.98,11,1,3.2658
Accuracy,120,3,0.275605,100.31,20,0,6.3694
Accuracy,120,3,0.275605,115.05,20,0,6.8229
Accuracy,120,3,0.275605,63,20,0,7.4457
Accuracy,120,3,0.275605,89.76,20,0,5.8503
Accuracy,120,3,0.275605,96.61,20,0,7.0729
Accuracy,120,3,0.275605,53.08,11,2,2.6121
Accuracy,80,3,0.275605,117.34,20,0,5.4479
Accuracy,80,3,0.275605,51.79,6,3,1.51125
Accuracy,80,3,0.275605,42.32,8,3,1.40435
Accuracy,80,3,0.275605,58.85,8,2,1.91123333333333
Accuracy,80,3,0.275605,55.64,11,1,3.1552
Accuracy,80,3,0.275605,66.77,10,1,2.67555
Accuracy,80,3,0.275605,63.5,12,1,3.12775
Accuracy,80,3,0.275605,84,9,2,1.9958
Accuracy,80,3,0.275605,67.13,8,2,2.38126666666667
Accuracy,80,3,0.275605,45.12,12,1,3.07785
Accuracy,80,3,0.275605,102.7,10,1,3.002
Accuracy,80,3,0.275605,53.9,7,3,1.5053
Accuracy,80,3,0.275605,45.72,7,2,2.0553
Accuracy,80,3,0.275605,96.04,8,3,1.7176
Accuracy,80,3,0.275605,65.75,9,2,2.36153333333333
Accuracy,80,3,0.275605,69.25,9,2,1.99526666666667
Accuracy,80,3,0.275605,85.31,7,2,1.87163333333333
Accuracy,80,3,0.275605,50.24,7,2,1.90273333333333
Accuracy,80,3,0.275605,39.09,8,2,1.90603333333333
Accuracy,80,3,0.275605,51.39,5,3,1.6668
Accuracy,120,5,0.275605,102.98,6,3,1.550175
Accuracy,120,5,0.275605,120.01,7,3,1.50385
Accuracy,120,5,0.275605,123.29,10,2,1.9294
Accuracy,120,5,0.275605,102.49,7,2,2.01123333333333
Accuracy,120,5,0.275605,64.77,11,1,2.6022
Accuracy,120,5,0.275605,72.28,9,2,1.85433333333333
Accuracy,120,5,0.275605,80.23,8,2,1.97076666666667
Accuracy,120,5,0.275605,99.8,9,2,2.07153333333333
Accuracy,120,5,0.275605,56.61,9,2,1.7784
Accuracy,120,5,0.275605,78.39,9,2,1.69616666666667
Accuracy,120,5,0.275605,102.47,8,2,1.93946666666667
Accuracy,120,5,0.275605,103.65,7,3,1.235475
Accuracy,120,5,0.275605,108.29,9,2,1.92923333333333
Accuracy,120,5,0.275605,76.82,8,2,1.8948
Accuracy,120,5,0.275605,95.98,11,1,3.1406
Accuracy,120,5,0.275605,93.17,11,2,2.11373333333333
Accuracy,120,5,0.275605,83.65,10,1,3.41785
Accuracy,120,5,0.275605,70.92,9,2,1.97983333333333
Accuracy,120,5,0.275605,153.04,9,3,1.618175
Accuracy,120,5,0.275605,92.62,6,3,1.69915
Accuracy,120,5,0.223630789473684,103.21,9,2,1.8581
Accuracy,120,5,0.223630789473684,75.42,8,2,1.75346666666667
Accuracy,120,5,0.223630789473684,145.61,9,2,1.88493333333333
Accuracy,120,5,0.223630789473684,76.31,7,2,1.71276666666667
Accuracy,120,5,0.223630789473684,119.26,9,2,1.56183333333333
Accuracy,120,5,0.223630789473684,68.14,7,2,1.94013333333333
Accuracy,120,5,0.223630789473684,117.48,9,2,1.8045
Accuracy,120,5,0.223630789473684,134.21,8,2,1.76166666666667
Accuracy,120,5,0.223630789473684,96.85,12,1,2.67015
Accuracy,120,5,0.223630789473684,72.58,8,2,1.97946666666667
Accuracy,120,5,0.223630789473684,178.94,11,1,2.66455
Accuracy,120,5,0.223630789473684,54.46,9,3,1.537525
Accuracy,120,5,0.223630789473684,88.91,8,2,1.6965
Accuracy,120,5,0.223630789473684,89.3,8,2,1.73106666666667
Accuracy,120,5,0.223630789473684,123.48,8,2,1.90396666666667
Accuracy,120,5,0.223630789473684,110.48,9,2,2.14673333333333
Accuracy,120,5,0.223630789473684,92.46,8,2,2.16283333333333
Accuracy,120,5,0.223630789473684,94.3,8,2,1.8032
Accuracy,120,5,0.223630789473684,141.7,8,2,1.7788
Accuracy,120,5,0.223630789473684,120.98,7,3,1.459825
Accuracy,80,3,0.223630789473684,51.89,13,2,1.8022
Accuracy,80,3,0.223630789473684,107.12,9,2,2.1116
Accuracy,80,3,0.223630789473684,59.5,12,2,1.97846666666667
Accuracy,80,3,0.223630789473684,61.25,10,2,2.32796666666667
Accuracy,80,3,0.223630789473684,46,11,2,1.98646666666667
Accuracy,80,3,0.223630789473684,85,11,2,2.02006666666667
Accuracy,80,3,0.223630789473684,43.61,11,2,2.0764
Accuracy,80,3,0.223630789473684,48.42,14,2,2.47183333333333
Accuracy,80,3,0.223630789473684,72.27,9,3,1.67215
Accuracy,80,3,0.223630789473684,75.84,13,2,2.36376666666667
Accuracy,80,3,0.223630789473684,62.4,15,1,3.3661
Accuracy,80,3,0.223630789473684,57.77,8,2,1.8612
Accuracy,80,3,0.223630789473684,64.07,7,2,2.1286
Accuracy,80,3,0.223630789473684,68.03,12,2,1.93026666666667
Accuracy,80,3,0.223630789473684,69.12,12,2,2.0125
Accuracy,80,3,0.223630789473684,66.51,11,2,2.50546666666667
Accuracy,80,3,0.223630789473684,61.09,13,1,2.8658
Accuracy,80,3,0.223630789473684,58.66,11,1,3.1508
Accuracy,80,3,0.223630789473684,70.35,7,2,2.38943333333333
Accuracy,80,3,0.223630789473684,67.92,7,2,2.49753333333333
Accuracy,120,3,0.223630789473684,90.28,13,1,3.21775
Accuracy,120,3,0.223630789473684,59.55,20,0,5.3997
Accuracy,120,3,0.223630789473684,28.39,20,0,4.8968
Accuracy,120,3,0.223630789473684,124.63,20,0,5.0714
Accuracy,120,3,0.223630789473684,49.6,13,1,2.38795
Accuracy,120,3,0.223630789473684,52.25,12,1,2.93875
Accuracy,120,3,0.223630789473684,32.61,10,1,2.53875
Accuracy,120,3,0.223630789473684,68.95,14,1,2.5666
Accuracy,120,3,0.223630789473684,90.73,11,1,3.1277
Accuracy,120,3,0.223630789473684,81.93,11,1,2.84365
Accuracy,120,3,0.223630789473684,68.39,12,1,2.8574
Accuracy,120,3,0.223630789473684,77.07,11,1,3.6041
Accuracy,120,3,0.223630789473684,69.22,12,1,2.73115
Accuracy,120,3,0.223630789473684,37.91,11,1,3.2574
Accuracy,120,3,0.223630789473684,51.92,12,1,2.9082
Accuracy,120,3,0.223630789473684,72.96,10,1,2.61445
Accuracy,120,3,0.223630789473684,61.91,11,2,2.08746666666667
Accuracy,120,3,0.223630789473684,97.77,12,1,3.3173
Accuracy,120,3,0.223630789473684,60.63,11,1,2.8513
Accuracy,120,3,0.223630789473684,70.88,14,1,2.7785
Accuracy,80,5,0.223630789473684,83.05,8,2,2.0785
Accuracy,80,5,0.223630789473684,74.16,12,1,2.68755
Accuracy,80,5,0.223630789473684,97.2,12,1,2.40045
Accuracy,80,5,0.223630789473684,84.18,7,2,2.37263333333333
Accuracy,80,5,0.223630789473684,85.39,15,1,2.58935
Accuracy,80,5,0.223630789473684,97.76,7,2,2.11023333333333
Accuracy,80,5,0.223630789473684,121.15,9,2,2.12436666666667
Accuracy,80,5,0.223630789473684,90.6,9,2,2.23866666666667
Accuracy,80,5,0.223630789473684,123.06,8,2,2.26696666666667
Accuracy,80,5,0.223630789473684,89.14,6,5,1.17615
Accuracy,80,5,0.223630789473684,104.19,5,3,1.554075
Accuracy,80,5,0.223630789473684,76.02,5,3,1.599725
Accuracy,80,5,0.223630789473684,163.43,5,3,1.49785
Accuracy,80,5,0.223630789473684,76.82,6,3,1.5155
Accuracy,80,5,0.223630789473684,79.06,7,3,1.593125
Accuracy,80,5,0.223630789473684,82.44,6,3,1.297775
Accuracy,80,5,0.223630789473684,78.61,6,3,1.6486
Accuracy,80,5,0.223630789473684,58.03,8,2,1.98826666666667
Accuracy,80,5,0.223630789473684,86.89,5,3,1.648275
Accuracy,80,5,0.223630789473684,74.69,10,2,1.96983333333333
Accuracy,120,3,0.404969736842105,46.1,11,2,2.27453333333333
Accuracy,120,3,0.404969736842105,62.34,13,2,1.86113333333333
Accuracy,120,3,0.404969736842105,55.99,8,6,1.02834285714286
Accuracy,120,3,0.404969736842105,44.12,13,3,1.36015
Accuracy,120,3,0.404969736842105,88.38,9,4,1.1805
Accuracy,120,3,0.404969736842105,53.39,7,6,0.935342857142857
Accuracy,120,3,0.404969736842105,44.43,3,9,0.536
Accuracy,120,3,0.404969736842105,63.27,10,4,1.25492
Accuracy,120,3,0.404969736842105,75.75,11,3,1.3925
Accuracy,120,3,0.404969736842105,39.36,15,1,3.4737
Accuracy,120,3,0.404969736842105,61.17,9,3,1.499075
Accuracy,120,3,0.404969736842105,77.02,4,8,0.737366666666667
Accuracy,120,3,0.404969736842105,39.28,14,3,1.560175
Accuracy,120,3,0.404969736842105,49.51,16,1,3.0634
Accuracy,120,3,0.404969736842105,52.73,6,5,0.958733333333333
Accuracy,120,3,0.404969736842105,103.78,9,3,1.560625
Accuracy,120,3,0.404969736842105,62.91,8,5,0.967433333333333
Accuracy,120,3,0.404969736842105,51.38,13,2,2.172
Accuracy,120,3,0.404969736842105,78.86,12,3,1.3549
Accuracy,120,3,0.404969736842105,70.73,10,4,1.19678
Accuracy,80,5,0.404969736842105,87.22,10,1,04.04
Accuracy,80,5,0.404969736842105,102.42,12,1,3.82495
Accuracy,80,5,0.404969736842105,108.36,9,3,2.13455
Accuracy,80,5,0.404969736842105,100.18,3,9,0.77554
Accuracy,80,5,0.404969736842105,99.95,3,8,0.8087
Accuracy,80,5,0.404969736842105,83.56,4,7,0.9060625
Accuracy,80,5,0.404969736842105,87.96,3,9,0.73322
Accuracy,80,5,0.404969736842105,103.8,4,7,0.7427375
Accuracy,80,5,0.404969736842105,72.36,3,11,0.555558333333333
Accuracy,80,5,0.404969736842105,74.3,3,11,0.598758333333333
Accuracy,80,5,0.404969736842105,79.83,4,7,0.7427375
Accuracy,80,5,0.404969736842105,96.47,4,7,0.79985
Accuracy,80,5,0.404969736842105,68.22,3,8,0.610266666666667
Accuracy,80,5,0.404969736842105,104.13,3,8,0.646633333333333
Accuracy,80,5,0.404969736842105,67.24,3,11,0.514716666666666
Accuracy,80,5,0.404969736842105,105.69,4,10,0.621463636363636
Accuracy,80,5,0.404969736842105,102.56,3,10,0.4989
Accuracy,80,5,0.404969736842105,76.29,4,10,0.557963636363637
Accuracy,80,5,0.404969736842105,64.71,4,8,0.649711111111111
Accuracy,80,5,0.404969736842105,55.85,4,9,0.5451
Accuracy,120,5,0.404969736842105,122.53,12,2,2.35386666666667
Accuracy,120,5,0.404969736842105,91.64,10,3,1.972525
Accuracy,120,5,0.404969736842105,108.84,8,5,1.20913333333333
Accuracy,120,5,0.404969736842105,115.33,9,6,0.877671428571428
Accuracy,120,5,0.404969736842105,67.88,5,6,1.03888571428571
Accuracy,120,5,0.404969736842105,82.89,12,2,2.2113
Accuracy,120,5,0.404969736842105,195.82,14,1,3.7525
Accuracy,120,5,0.404969736842105,84.22,3,9,0.60553
Accuracy,120,5,0.404969736842105,111.73,3,7,0.7026
Accuracy,120,5,0.404969736842105,81,4,8,0.673744444444444
Accuracy,120,5,0.404969736842105,73.75,3,9,0.58336
Accuracy,120,5,0.404969736842105,72.58,5,6,0.7741
Accuracy,120,5,0.404969736842105,74.68,6,3,1.67285
Accuracy,120,5,0.404969736842105,87.16,8,4,1.2845
Accuracy,120,5,0.404969736842105,98.24,8,6,0.923185714285714
Accuracy,120,5,0.404969736842105,123.96,11,3,1.322825
Accuracy,120,5,0.404969736842105,73.03,5,4,1.38054
Accuracy,120,5,0.404969736842105,83.56,12,2,2.0883
Accuracy,120,5,0.404969736842105,80.22,9,3,1.885575
Accuracy,120,5,0.404969736842105,136.01,6,6,0.9737
Accuracy,80,3,0.404969736842105,60.31,9,7,0.9635875
Accuracy,80,3,0.404969736842105,77.64,8,4,1.21386
Accuracy,80,3,0.404969736842105,71.29,9,4,1.13026
Accuracy,80,3,0.404969736842105,60.23,10,4,1.17976
Accuracy,80,3,0.404969736842105,53.88,10,4,1.19874
Accuracy,80,3,0.404969736842105,96.86,12,4,1.29578
Accuracy,80,3,0.404969736842105,42.25,11,3,1.5161
Accuracy,80,3,0.404969736842105,59.56,3,7,0.73965
Accuracy,80,3,0.404969736842105,47.97,3,9,0.49983
Accuracy,80,3,0.404969736842105,65.24,11,8,0.7258
Accuracy,80,3,0.404969736842105,41.84,8,4,1.05926
Accuracy,80,3,0.404969736842105,72.03,6,6,0.758057142857143
Accuracy,80,3,0.404969736842105,69.59,9,5,1.04031666666667
Accuracy,80,3,0.404969736842105,48.43,9,4,1.06386
Accuracy,80,3,0.404969736842105,79.44,12,3,1.272775
Accuracy,80,3,0.404969736842105,100.95,13,7,0.9183625
Accuracy,80,3,0.404969736842105,60.88,3,8,0.533166666666666
Accuracy,80,3,0.404969736842105,67.47,4,6,0.683971428571429
Accuracy,80,3,0.404969736842105,58.37,6,5,1.08801666666667
Accuracy,80,3,0.404969736842105,51.18,9,4,0.97448
Accuracy,80,5,0.442727894736842,97.49,3,10,1.1534
Accuracy,80,5,0.442727894736842,95.22,3,9,1.15576
Accuracy,80,5,0.442727894736842,86.49,4,9,0.99242
Accuracy,80,5,0.442727894736842,73.93,4,9,0.81858
Accuracy,80,5,0.442727894736842,64.62,3,13,0.8626
Accuracy,80,5,0.442727894736842,69.74,3,13,0.687371428571429
Accuracy,80,5,0.442727894736842,73.66,4,12,0.768692307692307
Accuracy,80,5,0.442727894736842,105.87,4,16,0.842905882352941
Accuracy,80,5,0.442727894736842,70.54,3,15,0.7665625
Accuracy,80,5,0.442727894736842,95.91,3,10,1.09882727272727
Accuracy,80,5,0.442727894736842,86.88,2,12,0.912853846153847
Accuracy,80,5,0.442727894736842,99.5,4,8,1.10206666666667
Accuracy,80,5,0.442727894736842,105.99,6,8,1.14917777777778
Accuracy,80,5,0.442727894736842,123.94,4,8,1.22425555555556
Accuracy,80,5,0.442727894736842,120.49,3,9,1.03504
Accuracy,80,5,0.442727894736842,97.78,5,8,1.48031111111111
Accuracy,80,5,0.442727894736842,116.15,6,6,1.49294285714286
Accuracy,80,5,0.442727894736842,95.42,4,8,1.3166
Accuracy,80,5,0.442727894736842,90.16,2,16,0.793258823529412
Accuracy,80,5,0.442727894736842,101.32,4,12,0.824792307692307
Accuracy,120,3,0.442727894736842,69.34,4,7,1.8859625
Accuracy,120,3,0.442727894736842,68.35,6,5,2.06288333333333
Accuracy,120,3,0.442727894736842,87.29,7,4,2.61432
Accuracy,120,3,0.442727894736842,51.12,8,5,2.01336666666667
Accuracy,120,3,0.442727894736842,75.66,7,5,2.20456666666667
Accuracy,120,3,0.442727894736842,88.62,7,4,2.7302
Accuracy,120,3,0.442727894736842,119.45,9,3,3.3426
Accuracy,120,3,0.442727894736842,82.81,8,3,2.441675
Accuracy,120,3,0.442727894736842,127.2,9,3,2.8234
Accuracy,120,3,0.442727894736842,72.87,6,6,1.68007142857143
Accuracy,120,3,0.442727894736842,77.11,5,4,2.31422
Accuracy,120,3,0.442727894736842,92.4,7,4,2.46632
Accuracy,120,3,0.442727894736842,78.54,7,5,1.82536666666667
Accuracy,120,3,0.442727894736842,68.56,7,4,2.1264
Accuracy,120,3,0.442727894736842,59.17,7,3,2.667325
Accuracy,120,3,0.442727894736842,76.36,9,3,2.4041
Accuracy,120,3,0.442727894736842,90.63,9,2,3.8475
Accuracy,120,3,0.442727894736842,64.72,9,3,2.80775
Accuracy,120,3,0.442727894736842,65.98,10,3,2.959925
Accuracy,120,3,0.442727894736842,66.35,9,3,3.0353
Accuracy,80,3,0.442727894736842,65.15,7,7,1.5768125
Accuracy,80,3,0.442727894736842,69.22,6,4,2.09468
Accuracy,80,3,0.442727894736842,71.35,7,4,1.90678
Accuracy,80,3,0.442727894736842,49.75,6,4,2.05014
Accuracy,80,3,0.442727894736842,75.58,7,4,2.06946
Accuracy,80,3,0.442727894736842,79.71,7,3,2.497275
Accuracy,80,3,0.442727894736842,67.05,7,3,2.781025
Accuracy,80,3,0.442727894736842,71.88,5,4,2.3362
Accuracy,80,3,0.442727894736842,66.92,6,4,1.98372
Accuracy,80,3,0.442727894736842,52.37,5,4,1.9287
Accuracy,80,3,0.442727894736842,87.02,6,5,1.88766666666667
Accuracy,80,3,0.442727894736842,56.46,7,4,2.3488
Accuracy,80,3,0.442727894736842,98.9,6,4,2.42406
Accuracy,80,3,0.442727894736842,58.87,6,5,1.96313333333333
Accuracy,80,3,0.442727894736842,68.67,5,5,1.68395
Accuracy,80,3,0.442727894736842,62.4,5,5,1.90025
Accuracy,80,3,0.442727894736842,51.65,6,4,2.07884
Accuracy,80,3,0.442727894736842,60.53,5,5,1.62518333333333
Accuracy,80,3,0.442727894736842,106.57,5,5,2.05138333333333
Accuracy,80,3,0.442727894736842,72.21,7,4,1.68982
Accuracy,120,5,0.442727894736842,62.23,5,6,1.30175714285714
Accuracy,120,5,0.442727894736842,70.36,6,5,1.56338333333333
Accuracy,120,5,0.442727894736842,77.55,5,5,1.54345
Accuracy,120,5,0.442727894736842,109.52,5,5,1.67588333333333
Accuracy,120,5,0.442727894736842,91.47,5,5,1.84478333333333
Accuracy,120,5,0.442727894736842,122.49,4,6,1.5015
Accuracy,120,5,0.442727894736842,87.49,5,6,1.46894285714286
Accuracy,120,5,0.442727894736842,76.42,5,5,1.63003333333333
Accuracy,120,5,0.442727894736842,136.62,7,5,1.72236666666667
Accuracy,120,5,0.442727894736842,74.18,7,4,1.69428
Accuracy,120,5,0.442727894736842,65.35,6,5,1.70895
Accuracy,120,5,0.442727894736842,89.3,7,5,1.82178333333333
Accuracy,120,5,0.442727894736842,116.85,5,5,1.84305
Accuracy,120,5,0.442727894736842,137.44,5,6,1.50892857142857
Accuracy,120,5,0.442727894736842,85.32,6,4,2.02512
Accuracy,120,5,0.442727894736842,122.7,6,5,1.70053333333333
Accuracy,120,5,0.442727894736842,112.21,5,7,1.2929625
Accuracy,120,5,0.442727894736842,116.74,4,5,1.48443333333333
Accuracy,120,5,0.442727894736842,104.02,6,6,1.78777142857143
Accuracy,120,5,0.442727894736842,82.61,4,6,1.88405714285714
Accuracy,80,3,0.403017105263158,53.02,8,2,3.6703
Accuracy,80,3,0.403017105263158,108.19,11,2,3.261
Accuracy,80,3,0.403017105263158,59.68,7,3,2.47705
Accuracy,80,3,0.403017105263158,53.92,7,3,2.32905
Accuracy,80,3,0.403017105263158,53.87,6,3,2.6842
Accuracy,80,3,0.403017105263158,67.89,7,3,2.4845
Accuracy,80,3,0.403017105263158,76.41,7,3,2.6207
Accuracy,80,3,0.403017105263158,90.46,7,3,2.4023
Accuracy,80,3,0.403017105263158,50.6,8,3,2.7419
Accuracy,80,3,0.403017105263158,99.84,8,2,3.36226666666667
Accuracy,80,3,0.403017105263158,72.47,5,4,2.70874
Accuracy,80,3,0.403017105263158,58.56,4,4,1.96786
Accuracy,80,3,0.403017105263158,74.6,6,3,2.881725
Accuracy,80,3,0.403017105263158,74.69,7,3,2.5723
Accuracy,80,3,0.403017105263158,48.76,6,3,2.76665
Accuracy,80,3,0.403017105263158,49.85,6,3,2.67825
Accuracy,80,3,0.403017105263158,53.32,6,3,2.421725
Accuracy,80,3,0.403017105263158,80.47,7,3,2.571625
Accuracy,80,3,0.403017105263158,137.24,8,3,3.05275
Accuracy,80,3,0.403017105263158,57.12,5,4,1.97386
Accuracy,120,5,0.403017105263158,104.7,7,3,2.622275
Accuracy,120,5,0.403017105263158,170.42,11,3,2.679425
Accuracy,120,5,0.403017105263158,112.98,5,4,2.36454
Accuracy,120,5,0.403017105263158,148.42,6,3,2.687025
Accuracy,120,5,0.403017105263158,123.68,5,4,2.50778
Accuracy,120,5,0.403017105263158,156.26,6,4,2.68426
Accuracy,120,5,0.403017105263158,129.45,5,5,2.10875
Accuracy,120,5,0.403017105263158,165.51,5,6,1.95161428571429
Accuracy,120,5,0.403017105263158,88.39,4,5,2.02168333333333
Accuracy,120,5,0.403017105263158,84.26,6,4,1.98996
Accuracy,120,5,0.403017105263158,103.49,5,4,2.33454
Accuracy,120,5,0.403017105263158,122.8,7,4,2.19902
Accuracy,120,5,0.403017105263158,175.25,5,4,2.19904
Accuracy,120,5,0.403017105263158,135.55,6,4,2.17394
Accuracy,120,5,0.403017105263158,137.8,6,4,2.299
Accuracy,120,5,0.403017105263158,119.91,7,3,2.522775
Accuracy,120,5,0.403017105263158,113.78,7,4,2.14936
Accuracy,120,5,0.403017105263158,146.73,6,4,1.83884
Accuracy,120,5,0.403017105263158,115.17,5,6,1.59352857142857
Accuracy,120,5,0.403017105263158,103.93,5,4,2.01444
Accuracy,80,5,0.403017105263158,86.3,5,5,1.98421666666667
Accuracy,80,5,0.403017105263158,79.47,6,5,1.81291666666667
Accuracy,80,5,0.403017105263158,91.84,5,4,2.05902
Accuracy,80,5,0.403017105263158,132.54,5,4,1.829
Accuracy,80,5,0.403017105263158,104.61,7,3,2.35935
Accuracy,80,5,0.403017105263158,110.65,5,4,2.1887
Accuracy,80,5,0.403017105263158,80.97,5,4,1.92404
Accuracy,80,5,0.403017105263158,139.97,4,5,1.76313333333333
Accuracy,80,5,0.403017105263158,97.94,4,6,1.63538571428571
Accuracy,80,5,0.403017105263158,118.46,6,4,1.92974
Accuracy,80,5,0.403017105263158,94.89,6,4,1.95414
Accuracy,80,5,0.403017105263158,100.87,6,4,2.11916
Accuracy,80,5,0.403017105263158,114.85,4,6,1.74717142857143
Accuracy,80,5,0.403017105263158,146.37,6,5,1.92575
Accuracy,80,5,0.403017105263158,138.43,4,6,1.47981428571429
Accuracy,80,5,0.403017105263158,76.87,4,7,1.5236
Accuracy,80,5,0.403017105263158,100.26,3,6,1.57445714285714
Accuracy,80,5,0.403017105263158,103.67,3,6,1.75712857142857
Accuracy,80,5,0.403017105263158,107.91,5,5,1.84991666666667
Accuracy,80,5,0.403017105263158,103.04,3,7,1.4301125
Accuracy,120,3,0.403017105263158,71.91,5,4,2.20972
Accuracy,120,3,0.403017105263158,111.76,11,1,4.71305
Accuracy,120,3,0.403017105263158,68.35,9,2,2.87836666666667
Accuracy,120,3,0.403017105263158,77.01,10,2,3.34486666666667
Accuracy,120,3,0.403017105263158,142.03,13,1,3.8393
Accuracy,120,3,0.403017105263158,91.65,9,3,2.398275
Accuracy,120,3,0.403017105263158,72.15,7,3,2.7971
Accuracy,120,3,0.403017105263158,81.59,9,2,3.11063333333333
Accuracy,120,3,0.403017105263158,53.06,8,2,2.90326666666667
Accuracy,120,3,0.403017105263158,63.57,9,2,2.85306666666667
Accuracy,120,3,0.403017105263158,89.2,9,2,2.74463333333333
Accuracy,120,3,0.403017105263158,83.3,7,2,2.82853333333333
Accuracy,120,3,0.403017105263158,72.1,7,2,4.03863333333333
Accuracy,120,3,0.403017105263158,106.41,9,2,3.10273333333333
Accuracy,120,3,0.403017105263158,45.75,11,1,4.69965
Accuracy,120,3,0.403017105263158,50.86,9,2,3.5858
Accuracy,120,3,0.403017105263158,59.49,13,1,4.4033
Accuracy,120,3,0.403017105263158,66.34,12,2,3.58073333333333
Accuracy,120,3,0.403017105263158,108.3,13,1,4.46405
Accuracy,120,3,0.403017105263158,100.8,12,1,4.89875
Accuracy,120,5,0.451450497076023,65,6,5,1.33388333333333
Accuracy,120,5,0.451450497076023,166.16,6,6,1.1689
Accuracy,120,5,0.451450497076023,91.96,4,9,0.94802
Accuracy,120,5,0.451450497076023,97.65,3,14,0.7158
Accuracy,120,5,0.451450497076023,74.91,4,16,0.545505882352941
Accuracy,120,5,0.451450497076023,88.21,4,15,0.5135375
Accuracy,120,5,0.451450497076023,82.08,5,8,1.06405555555556
Accuracy,120,5,0.451450497076023,77.35,4,8,1.06733333333333
Accuracy,120,5,0.451450497076023,90.51,4,7,1.055425
Accuracy,120,5,0.451450497076023,95.35,4,7,1.0398125
Accuracy,120,5,0.451450497076023,87.1,5,7,1.258675
Accuracy,120,5,0.451450497076023,106.3,5,6,1.47288571428571
Accuracy,120,5,0.451450497076023,118.67,7,6,1.17267142857143
Accuracy,120,5,0.451450497076023,96.09,4,10,0.814272727272727
Accuracy,120,5,0.451450497076023,91.88,5,7,1.2593625
Accuracy,120,5,0.451450497076023,86.32,5,6,1.30541428571429
Accuracy,120,5,0.451450497076023,105.02,3,7,1.2304375
Accuracy,120,5,0.451450497076023,77.06,5,6,1.1871
Accuracy,120,5,0.451450497076023,115.31,4,8,1.03047777777778
Accuracy,120,5,0.451450497076023,111.07,5,6,1.13344285714286
Accuracy,80,3,0.451450497076023,67.65,7,3,2.983225
Accuracy,80,3,0.451450497076023,49.33,9,2,3.46016666666667
Accuracy,80,3,0.451450497076023,50.42,9,2,3.46916666666667
Accuracy,80,3,0.451450497076023,113.05,20,0,8.6487
Accuracy,80,3,0.451450497076023,75.6,10,7,1.7449875
Accuracy,80,3,0.451450497076023,61.79,6,4,2.35928
Accuracy,80,3,0.451450497076023,83.15,6,4,2.11854
Accuracy,80,3,0.451450497076023,52.08,7,3,2.59175
Accuracy,80,3,0.451450497076023,78.16,9,2,3.40313333333333
Accuracy,80,3,0.451450497076023,48.49,6,4,2.9603
Accuracy,80,3,0.451450497076023,75.45,7,4,2.31384
Accuracy,80,3,0.451450497076023,81.5,11,2,3.91103333333333
Accuracy,80,3,0.451450497076023,78.82,7,3,2.915725
Accuracy,80,3,0.451450497076023,74.33,9,2,3.1442
Accuracy,80,3,0.451450497076023,55.8,9,2,3.96963333333333
Accuracy,80,3,0.451450497076023,75.08,7,4,2.79836
Accuracy,80,3,0.451450497076023,76.32,6,3,2.7778
Accuracy,80,3,0.451450497076023,47.01,10,1,5.4867
Accuracy,80,3,0.451450497076023,110.91,8,3,2.5658
Accuracy,80,3,0.451450497076023,123.29,6,4,2.15358
Accuracy,120,3,0.451450497076023,82.42,13,1,4.3342
Accuracy,120,3,0.451450497076023,62.03,8,2,3.15256666666667
Accuracy,120,3,0.451450497076023,112.58,9,3,2.380075
Accuracy,120,3,0.451450497076023,63.37,8,2,3.2697
Accuracy,120,3,0.451450497076023,87.55,9,2,3.3351
Accuracy,120,3,0.451450497076023,103.08,8,2,3.56886666666667
Accuracy,120,3,0.451450497076023,59.7,10,2,3.1529
Accuracy,120,3,0.451450497076023,86.46,12,1,4.61225
Accuracy,120,3,0.451450497076023,56.1,9,2,3.58306666666667
Accuracy,120,3,0.451450497076023,54.72,8,2,3.14443333333333
Accuracy,120,3,0.451450497076023,87.14,11,1,4.4631
Accuracy,120,3,0.451450497076023,56.12,9,2,2.90293333333333
Accuracy,120,3,0.451450497076023,85.29,8,2,4.42113333333333
Accuracy,120,3,0.451450497076023,44.87,10,2,3.14486666666667
Accuracy,120,3,0.451450497076023,75.14,11,1,3.87445
Accuracy,120,3,0.451450497076023,60.07,11,1,4.9123
Accuracy,120,3,0.451450497076023,86.53,11,1,4.53885
Accuracy,120,3,0.451450497076023,65.24,11,1,3.92645
Accuracy,120,3,0.451450497076023,69.29,12,1,4.45165
Accuracy,120,3,0.451450497076023,41.88,16,1,5.33895
Accuracy,80,5,0.451450497076023,81.68,5,5,1.46288333333333
Accuracy,80,5,0.451450497076023,127.41,4,8,1.26703333333333
Accuracy,80,5,0.451450497076023,87.58,3,9,1.10765
Accuracy,80,5,0.451450497076023,74.82,4,8,1.15216666666667
Accuracy,80,5,0.451450497076023,71.3,3,7,1.3243875
Accuracy,80,5,0.451450497076023,75.05,6,6,1.58725714285714
Accuracy,80,5,0.451450497076023,96.29,5,7,1.2298375
Accuracy,80,5,0.451450497076023,95.85,4,8,1.15785555555556
Accuracy,80,5,0.451450497076023,111.18,4,9,0.97491
Accuracy,80,5,0.451450497076023,96.76,4,8,1.14946666666667
Accuracy,80,5,0.451450497076023,117.39,3,13,0.830071428571429
Accuracy,80,5,0.451450497076023,76.76,4,13,0.776857142857143
Accuracy,80,5,0.451450497076023,71.06,3,19,0.504775000000001
Accuracy,80,5,0.451450497076023,76.15,3,19,0.4856
Accuracy,80,5,0.451450497076023,62.46,4,19,0.441755
Accuracy,80,5,0.451450497076023,76.02,3,19,0.512000000000001
Accuracy,80,5,0.451450497076023,94.67,3,20,0.578419047619047
Accuracy,80,5,0.451450497076023,69.74,3,12,0.807023076923077
Accuracy,80,5,0.451450497076023,106.82,4,14,0.680053333333334
Accuracy,80,5,0.451450497076023,90.86,3,17,0.587861111111111
Accuracy,120,3,0.211221578947368,59.82,9,2,1.52663333333333
Accuracy,120,3,0.211221578947368,46.97,11,1,2.50755
Accuracy,120,3,0.211221578947368,47.24,9,2,1.71383333333333
Accuracy,120,3,0.211221578947368,55.59,10,1,2.1782
Accuracy,120,3,0.211221578947368,58.99,13,1,2.1653
Accuracy,120,3,0.211221578947368,68.77,11,1,2.0641
Accuracy,120,3,0.211221578947368,58.43,12,1,2.4548
Accuracy,120,3,0.211221578947368,33.24,11,1,2.4818
Accuracy,120,3,0.211221578947368,64.84,10,2,1.37926666666667
Accuracy,120,3,0.211221578947368,44.15,10,2,1.62566666666667
Accuracy,120,3,0.211221578947368,57.92,11,1,2.22715
Accuracy,120,3,0.211221578947368,35.94,11,1,1.91255
Accuracy,120,3,0.211221578947368,67.45,12,1,2.07825
Accuracy,120,3,0.211221578947368,48.76,12,1,2.354
Accuracy,120,3,0.211221578947368,52.27,11,1,2.26785
Accuracy,120,3,0.211221578947368,50.88,11,1,2.3069
Accuracy,120,3,0.211221578947368,63.18,11,1,2.4028
Accuracy,120,3,0.211221578947368,66.48,12,1,2.12565
Accuracy,120,3,0.211221578947368,76.57,10,2,1.54856666666667
Accuracy,120,3,0.211221578947368,67.49,8,2,1.73333333333333
Accuracy,80,5,0.211221578947368,85.71,13,1,2.3385
Accuracy,80,5,0.211221578947368,51.59,15,1,2.67965
Accuracy,80,5,0.211221578947368,64.81,10,1,2.7297
Accuracy,80,5,0.211221578947368,93.82,12,1,3.0272
Accuracy,80,5,0.211221578947368,99.29,14,1,2.75795
Accuracy,80,5,0.211221578947368,87.46,12,2,2.10503333333333
Accuracy,80,5,0.211221578947368,123.83,11,3,1.443625
Accuracy,80,5,0.211221578947368,92.22,9,3,1.632625
Accuracy,80,5,0.211221578947368,93.26,10,2,1.91323333333333
Accuracy,80,5,0.211221578947368,106.15,11,2,1.64503333333333
Accuracy,80,5,0.211221578947368,95.36,8,3,1.223875
Accuracy,80,5,0.211221578947368,76.04,7,4,1.05042
Accuracy,80,5,0.211221578947368,103.3,5,4,1.21088
Accuracy,80,5,0.211221578947368,47.43,7,3,1.30605
Accuracy,80,5,0.211221578947368,81.54,6,3,1.054175
Accuracy,80,5,0.211221578947368,93.06,6,3,1.261325
Accuracy,80,5,0.211221578947368,79.37,7,3,1.1999
Accuracy,80,5,0.211221578947368,129.41,7,4,1.16694
Accuracy,80,5,0.211221578947368,105.18,5,6,0.8057
Accuracy,80,5,0.211221578947368,87.49,5,4,0.83112
Accuracy,120,5,0.211221578947368,106.71,8,2,1.85293333333333
Accuracy,120,5,0.211221578947368,155.07,13,1,2.63665
Accuracy,120,5,0.211221578947368,79.51,7,2,1.54123333333333
Accuracy,120,5,0.211221578947368,220.14,11,3,1.39155
Accuracy,120,5,0.211221578947368,68.72,9,2,1.568
Accuracy,120,5,0.211221578947368,96.73,10,2,1.6331
Accuracy,120,5,0.211221578947368,61.55,8,3,1.259375
Accuracy,120,5,0.211221578947368,92.3,7,2,1.48806666666667
Accuracy,120,5,0.211221578947368,109.42,8,3,1.416525
Accuracy,120,5,0.211221578947368,89.53,9,2,1.5572
Accuracy,120,5,0.211221578947368,89.41,9,2,1.5717
Accuracy,120,5,0.211221578947368,121.08,7,3,1.47135
Accuracy,120,5,0.211221578947368,114.77,6,3,1.206875
Accuracy,120,5,0.211221578947368,123.61,6,3,1.1508
Accuracy,120,5,0.211221578947368,101.16,8,2,1.25423333333333
Accuracy,120,5,0.211221578947368,87.95,8,2,1.2292
Accuracy,120,5,0.211221578947368,102.47,8,2,1.599
Accuracy,120,5,0.211221578947368,93.25,11,2,1.58373333333333
Accuracy,120,5,0.211221578947368,105.23,9,2,1.76763333333333
Accuracy,120,5,0.211221578947368,50.67,8,3,1.334125
Accuracy,80,3,0.211221578947368,59.9,6,4,0.98854
Accuracy,80,3,0.211221578947368,64.25,7,3,1.1259
Accuracy,80,3,0.211221578947368,55.75,7,3,1.17015
Accuracy,80,3,0.211221578947368,87.34,6,3,1.5836
Accuracy,80,3,0.211221578947368,45.6,9,4,1.12612
Accuracy,80,3,0.211221578947368,53.72,8,3,1.242075
Accuracy,80,3,0.211221578947368,62.13,7,3,1.09795
Accuracy,80,3,0.211221578947368,55.67,6,3,1.059525
Accuracy,80,3,0.211221578947368,61.7,5,3,1.1415
Accuracy,80,3,0.211221578947368,67.69,6,3,1.181825
Accuracy,80,3,0.211221578947368,56.18,7,3,1.164075
Accuracy,80,3,0.211221578947368,50.62,8,2,1.2448
Accuracy,80,3,0.211221578947368,53.67,6,3,1.13205
Accuracy,80,3,0.211221578947368,44.53,7,3,1.1055
Accuracy,80,3,0.211221578947368,63.69,5,3,1.10435
Accuracy,80,3,0.211221578947368,57.2,7,3,1.194425
Accuracy,80,3,0.211221578947368,39.18,9,2,1.37886666666667
Accuracy,80,3,0.211221578947368,42.69,10,2,1.4287
Accuracy,80,3,0.211221578947368,53.62,5,3,0.9917
Accuracy,80,3,0.211221578947368,55.83,6,3,1.118725
Accuracy,80,3,0.258833157894737,100.12,20,0,5.5531
Accuracy,80,3,0.258833157894737,62.65,6,3,1.457375
Accuracy,80,3,0.258833157894737,77.82,5,4,1.41084
Accuracy,80,3,0.258833157894737,41.48,6,3,1.699125
Accuracy,80,3,0.258833157894737,43.5,9,2,1.8539
Accuracy,80,3,0.258833157894737,48.87,8,2,1.8696
Accuracy,80,3,0.258833157894737,85.1,9,2,1.83746666666667
Accuracy,80,3,0.258833157894737,75.68,7,3,1.472325
Accuracy,80,3,0.258833157894737,87.21,8,2,2.29973333333333
Accuracy,80,3,0.258833157894737,54.05,11,2,1.82226666666667
Accuracy,80,3,0.258833157894737,56.86,8,4,1.17606
Accuracy,80,3,0.258833157894737,47.35,6,3,1.780975
Accuracy,80,3,0.258833157894737,73.59,8,3,1.682575
Accuracy,80,3,0.258833157894737,46.84,7,3,1.341575
Accuracy,80,3,0.258833157894737,44.84,9,3,1.26605
Accuracy,80,3,0.258833157894737,50.17,11,1,2.37825
Accuracy,80,3,0.258833157894737,78.21,6,3,1.881425
Accuracy,80,3,0.258833157894737,72.78,7,3,1.580675
Accuracy,80,3,0.258833157894737,57.87,8,2,1.90276666666667
Accuracy,80,3,0.258833157894737,60.27,11,2,1.73773333333333
Accuracy,120,5,0.258833157894737,118.72,7,4,1.61962
Accuracy,120,5,0.258833157894737,120.29,9,7,1.4419
Accuracy,120,5,0.258833157894737,154.91,6,8,1.54246666666667
Accuracy,120,5,0.258833157894737,134.28,7,5,1.64836666666667
Accuracy,120,5,0.258833157894737,107.26,6,9,1.19661
Accuracy,120,5,0.258833157894737,123.66,14,3,1.4757
Accuracy,120,5,0.258833157894737,110.31,11,4,1.7327
Accuracy,120,5,0.258833157894737,133.52,8,2,2.0619
Accuracy,120,5,0.258833157894737,130.47,12,1,3.65745
Accuracy,120,5,0.258833157894737,112.92,12,2,1.8045
Accuracy,120,5,0.258833157894737,87.25,11,2,2.3387
Accuracy,120,5,0.258833157894737,86.81,9,4,1.19134
Accuracy,120,5,0.258833157894737,91.44,11,1,2.65375
Accuracy,120,5,0.258833157894737,104.61,9,2,2.2719
Accuracy,120,5,0.258833157894737,128.41,12,1,2.9925
Accuracy,120,5,0.258833157894737,113.76,12,1,2.7144
Accuracy,120,5,0.258833157894737,92.77,8,2,2.43816666666667
Accuracy,120,5,0.258833157894737,85.05,14,1,2.8276
Accuracy,120,5,0.258833157894737,65.29,12,1,3.1144
Accuracy,120,5,0.258833157894737,94.98,8,2,2.29683333333333
Accuracy,80,5,0.258833157894737,94.01,5,4,1.33066
Accuracy,80,5,0.258833157894737,130.12,6,4,1.28594
Accuracy,80,5,0.258833157894737,78.16,4,5,1.19133333333333
Accuracy,80,5,0.258833157894737,136.61,6,6,1.35022857142857
Accuracy,80,5,0.258833157894737,69.27,7,4,1.3568
Accuracy,80,5,0.258833157894737,138.57,7,3,1.509875
Accuracy,80,5,0.258833157894737,55.03,6,4,1.12918
Accuracy,80,5,0.258833157894737,92.95,6,4,1.5111
Accuracy,80,5,0.258833157894737,75.51,5,4,1.3962
Accuracy,80,5,0.258833157894737,87.98,7,4,1.25056
Accuracy,80,5,0.258833157894737,63.32,7,4,1.07008
Accuracy,80,5,0.258833157894737,45.57,6,5,0.92125
Accuracy,80,5,0.258833157894737,66.35,9,2,1.70446666666667
Accuracy,80,5,0.258833157894737,78.79,9,3,1.599675
Accuracy,80,5,0.258833157894737,93.53,7,4,1.37212
Accuracy,80,5,0.258833157894737,55.79,7,4,1.39416
Accuracy,80,5,0.258833157894737,105.29,6,4,1.3053
Accuracy,80,5,0.258833157894737,64.31,5,6,0.995628571428572
Accuracy,80,5,0.258833157894737,103.77,6,3,1.34835
Accuracy,80,5,0.258833157894737,62.45,5,5,1.43301666666667
Accuracy,120,3,0.258833157894737,52.27,9,2,1.87846666666667
Accuracy,120,3,0.258833157894737,87.13,11,2,1.7623
Accuracy,120,3,0.258833157894737,46.69,10,1,2.3762
Accuracy,120,3,0.258833157894737,78.29,10,2,2.34456666666667
Accuracy,120,3,0.258833157894737,50.42,12,1,2.77215
Accuracy,120,3,0.258833157894737,66.55,10,2,2.2559
Accuracy,120,3,0.258833157894737,80.75,7,3,2.0128
Accuracy,120,3,0.258833157894737,166.2,14,1,3.1909
Accuracy,120,3,0.258833157894737,48.56,9,3,1.909875
Accuracy,120,3,0.258833157894737,80.52,10,2,2.4069
Accuracy,120,3,0.258833157894737,92.19,9,3,1.554175
Accuracy,120,3,0.258833157894737,69.89,11,1,2.88955
Accuracy,120,3,0.258833157894737,56.12,11,2,1.97023333333333
Accuracy,120,3,0.258833157894737,83.39,10,1,3.29605
Accuracy,120,3,0.258833157894737,66.72,9,2,2.1128
Accuracy,120,3,0.258833157894737,52.77,10,2,2.17243333333333
Accuracy,120,3,0.258833157894737,62.52,11,2,2.12303333333333
Accuracy,120,3,0.258833157894737,92.1,11,2,2.01216666666667
Accuracy,120,3,0.258833157894737,60.75,9,3,1.56025
Accuracy,120,3,0.258833157894737,80.59,10,2,1.98656666666667
Accuracy,80,5,0.226100263157895,90.92,9,3,1.52385
Accuracy,80,5,0.226100263157895,110.49,5,3,1.516325
Accuracy,80,5,0.226100263157895,76.34,8,3,1.5363
Accuracy,80,5,0.226100263157895,70.06,6,3,1.353725
Accuracy,80,5,0.226100263157895,64.17,8,3,1.382675
Accuracy,80,5,0.226100263157895,84.82,7,3,1.548075
Accuracy,80,5,0.226100263157895,85.37,6,3,1.366875
Accuracy,80,5,0.226100263157895,71.2,7,3,1.24725
Accuracy,80,5,0.226100263157895,60.85,6,3,1.573125
Accuracy,80,5,0.226100263157895,81.51,7,2,1.59403333333333
Accuracy,80,5,0.226100263157895,118.59,7,3,1.372
Accuracy,80,5,0.226100263157895,64.21,8,3,1.3487
Accuracy,80,5,0.226100263157895,101.18,5,4,1.2389
Accuracy,80,5,0.226100263157895,73.15,6,5,0.975816666666667
Accuracy,80,5,0.226100263157895,94.81,5,5,1.10478333333333
Accuracy,80,5,0.226100263157895,88.07,10,3,1.467175
Accuracy,80,5,0.226100263157895,100.2,6,5,1.02988333333333
Accuracy,80,5,0.226100263157895,83.79,8,3,1.5096
Accuracy,80,5,0.226100263157895,91.52,5,4,1.28578
Accuracy,80,5,0.226100263157895,84.68,8,3,1.385125
Accuracy,120,3,0.226100263157895,86.54,12,3,1.759925
Accuracy,120,3,0.226100263157895,64.89,12,1,3.2386
Accuracy,120,3,0.226100263157895,58.68,11,2,1.9355
Accuracy,120,3,0.226100263157895,43.19,13,1,2.62095
Accuracy,120,3,0.226100263157895,39,11,1,2.65025
Accuracy,120,3,0.226100263157895,47.62,15,1,2.6915
Accuracy,120,3,0.226100263157895,76.61,20,0,5.3994
Accuracy,120,3,0.226100263157895,75.78,20,0,4.0691
Accuracy,120,3,0.226100263157895,74.76,20,0,5.1466
Accuracy,120,3,0.226100263157895,57.42,20,0,4.9692
Accuracy,120,3,0.226100263157895,63.24,12,2,2.10313333333333
Accuracy,120,3,0.226100263157895,119.15,13,1,2.9377
Accuracy,120,3,0.226100263157895,43.22,11,1,2.675
Accuracy,120,3,0.226100263157895,46.93,12,1,3.4394
Accuracy,120,3,0.226100263157895,52.68,12,1,2.86335
Accuracy,120,3,0.226100263157895,61.93,11,1,2.589
Accuracy,120,3,0.226100263157895,56.55,11,1,2.61405
Accuracy,120,3,0.226100263157895,52.31,12,1,2.5003
Accuracy,120,3,0.226100263157895,42.54,12,1,2.6284
Accuracy,120,3,0.226100263157895,91.24,9,2,2.061
Accuracy,80,3,0.226100263157895,79.11,16,1,2.78895
Accuracy,80,3,0.226100263157895,39.05,12,1,2.85215
Accuracy,80,3,0.226100263157895,47.09,10,1,3.20345
Accuracy,80,3,0.226100263157895,67.41,12,1,2.788
Accuracy,80,3,0.226100263157895,107.29,12,1,2.7764
Accuracy,80,3,0.226100263157895,84.95,11,1,2.72655
Accuracy,80,3,0.226100263157895,42.96,11,1,2.689
Accuracy,80,3,0.226100263157895,65.76,11,1,2.8036
Accuracy,80,3,0.226100263157895,87.19,11,1,2.8645
Accuracy,80,3,0.226100263157895,38.76,12,1,2.38695
Accuracy,80,3,0.226100263157895,62.02,14,1,2.30095
Accuracy,80,3,0.226100263157895,48.59,10,1,2.37785
Accuracy,80,3,0.226100263157895,37.18,11,1,2.3134
Accuracy,80,3,0.226100263157895,41.25,12,1,2.3264
Accuracy,80,3,0.226100263157895,72.6,11,1,2.4885
Accuracy,80,3,0.226100263157895,33.31,11,1,2.4625
Accuracy,80,3,0.226100263157895,76.33,13,1,2.72885
Accuracy,80,3,0.226100263157895,43.23,11,1,2.26305
Accuracy,80,3,0.226100263157895,66.16,11,1,2.4386
Accuracy,80,3,0.226100263157895,51.49,13,1,2.5032
Accuracy,120,5,0.226100263157895,98.45,11,3,1.46705
Accuracy,120,5,0.226100263157895,49.7,10,2,1.58636666666667
Accuracy,120,5,0.226100263157895,63.28,8,2,1.64496666666667
Accuracy,120,5,0.226100263157895,90.58,12,1,2.3901
Accuracy,120,5,0.226100263157895,107.93,8,2,1.95486666666667
Accuracy,120,5,0.226100263157895,91.51,8,2,1.66106666666667
Accuracy,120,5,0.226100263157895,79.37,8,2,1.91326666666667
Accuracy,120,5,0.226100263157895,76.59,11,1,2.1506
Accuracy,120,5,0.226100263157895,123.51,12,1,2.2644
Accuracy,120,5,0.226100263157895,115.78,8,2,1.81103333333333
Accuracy,120,5,0.226100263157895,103.46,8,2,2.07033333333333
Accuracy,120,5,0.226100263157895,81.57,8,2,1.56193333333333
Accuracy,120,5,0.226100263157895,97.66,9,2,2.02923333333333
Accuracy,120,5,0.226100263157895,78.88,7,2,1.6104
Accuracy,120,5,0.226100263157895,124.93,9,2,2.32133333333333
Accuracy,120,5,0.226100263157895,88.53,9,2,1.9135
Accuracy,120,5,0.226100263157895,79.8,8,2,2.05526666666667
Accuracy,120,5,0.226100263157895,79.55,11,2,1.52773333333333
Accuracy,120,5,0.226100263157895,93.84,11,1,2.31415
Accuracy,120,5,0.226100263157895,85.25,9,2,2.14173333333333
Accuracy,120,5,0.289582368421053,73.55,9,2,2.3209
Accuracy,120,5,0.289582368421053,58.63,9,2,2.20273333333333
Accuracy,120,5,0.289582368421053,98.31,12,1,2.7907
Accuracy,120,5,0.289582368421053,103.44,10,1,3.1796
Accuracy,120,5,0.289582368421053,111.82,12,1,3.27815
Accuracy,120,5,0.289582368421053,164.13,12,1,3.1878
Accuracy,120,5,0.289582368421053,51.08,9,2,2.3118
Accuracy,120,5,0.289582368421053,146.54,12,2,2.9743
Accuracy,120,5,0.289582368421053,127.36,10,2,2.3368
Accuracy,120,5,0.289582368421053,96.19,7,2,1.94463333333333
Accuracy,120,5,0.289582368421053,136.99,9,2,2.20366666666667
Accuracy,120,5,0.289582368421053,87.93,11,2,2.47836666666667
Accuracy,120,5,0.289582368421053,120.22,11,1,2.96315
Accuracy,120,5,0.289582368421053,133.97,10,2,2.42863333333333
Accuracy,120,5,0.289582368421053,106.87,8,2,2.79826666666667
Accuracy,120,5,0.289582368421053,95.83,7,2,2.66973333333333
Accuracy,120,5,0.289582368421053,143.37,8,2,2.3869
Accuracy,120,5,0.289582368421053,165.63,8,2,2.5112
Accuracy,120,5,0.289582368421053,71.45,7,3,1.922525
Accuracy,120,5,0.289582368421053,96.9,7,3,1.862375
Accuracy,80,3,0.289582368421053,54.8,11,1,3.89005
Accuracy,80,3,0.289582368421053,56.19,9,2,2.4942
Accuracy,80,3,0.289582368421053,93.77,10,2,2.19373333333333
Accuracy,80,3,0.289582368421053,100.15,9,2,2.3769
Accuracy,80,3,0.289582368421053,45.15,9,2,2.5445
Accuracy,80,3,0.289582368421053,79.19,13,1,4.1934
Accuracy,80,3,0.289582368421053,91.13,8,2,2.60383333333333
Accuracy,80,3,0.289582368421053,99.54,9,2,2.55466666666667
Accuracy,80,3,0.289582368421053,67.4,8,2,2.35253333333333
Accuracy,80,3,0.289582368421053,57.66,9,2,2.71056666666667
Accuracy,80,3,0.289582368421053,59.58,7,2,2.6769
Accuracy,80,3,0.289582368421053,78.2,10,2,2.51106666666667
Accuracy,80,3,0.289582368421053,84.05,10,1,3.18885
Accuracy,80,3,0.289582368421053,57.74,11,2,2.2696
Accuracy,80,3,0.289582368421053,64.58,11,2,2.5379
Accuracy,80,3,0.289582368421053,59.21,7,4,1.9384
Accuracy,80,3,0.289582368421053,91.53,9,2,2.47803333333333
Accuracy,80,3,0.289582368421053,58.29,11,1,4.18005
Accuracy,80,3,0.289582368421053,73.4,9,2,2.4016
Accuracy,80,3,0.289582368421053,95.43,9,2,3.4061
Accuracy,120,3,0.289582368421053,79.46,15,1,4.31915
Accuracy,120,3,0.289582368421053,82.59,14,1,2.9902
Accuracy,120,3,0.289582368421053,68.4,11,1,3.03825
Accuracy,120,3,0.289582368421053,71.1,10,1,3.02545
Accuracy,120,3,0.289582368421053,88.76,11,1,3.27795
Accuracy,120,3,0.289582368421053,57.73,12,1,3.20125
Accuracy,120,3,0.289582368421053,113.05,13,1,3.36835
Accuracy,120,3,0.289582368421053,58.77,10,1,4.10235
Accuracy,120,3,0.289582368421053,65.88,12,1,2.7909
Accuracy,120,3,0.289582368421053,69.41,9,2,3.10863333333333
Accuracy,120,3,0.289582368421053,84.93,20,0,5.7945
Accuracy,120,3,0.289582368421053,97.64,20,0,5.8205
Accuracy,120,3,0.289582368421053,46.43,20,0,5.7007
Accuracy,120,3,0.289582368421053,57.41,20,0,6.5539
Accuracy,120,3,0.289582368421053,97.89,20,0,5.4727
Accuracy,120,3,0.289582368421053,44.34,20,0,6.4992
Accuracy,120,3,0.289582368421053,161.72,20,0,7.6235
Accuracy,120,3,0.289582368421053,71.92,12,1,3.5129
Accuracy,120,3,0.289582368421053,49.23,12,1,3.0159
Accuracy,120,3,0.289582368421053,97.59,13,3,1.9656
Accuracy,80,5,0.289582368421053,63.91,9,2,2.16306666666667
Accuracy,80,5,0.289582368421053,96.35,10,2,2.55396666666667
Accuracy,80,5,0.289582368421053,101.2,8,2,2.20256666666667
Accuracy,80,5,0.289582368421053,74.58,9,2,2.03663333333333
Accuracy,80,5,0.289582368421053,108.39,9,2,2.42763333333333
Accuracy,80,5,0.289582368421053,79.76,8,3,1.6973
Accuracy,80,5,0.289582368421053,67.72,11,2,1.91186666666667
Accuracy,80,5,0.289582368421053,104.97,7,2,2.42986666666667
Accuracy,80,5,0.289582368421053,133.75,9,2,2.3455
Accuracy,80,5,0.289582368421053,152.43,8,3,1.8456
Accuracy,80,5,0.289582368421053,80.64,7,3,1.69745
Accuracy,80,5,0.289582368421053,150.61,10,3,1.83815
Accuracy,80,5,0.289582368421053,75.84,6,3,1.830575
Accuracy,80,5,0.289582368421053,124.31,9,2,2.29556666666667
Accuracy,80,5,0.289582368421053,150.76,11,2,2.0804
Accuracy,80,5,0.289582368421053,94.73,6,3,1.723575
Accuracy,80,5,0.289582368421053,116.73,7,3,1.95235
Accuracy,80,5,0.289582368421053,80.91,5,4,1.47416
Accuracy,80,5,0.289582368421053,63.01,8,2,2.1443
Accuracy,80,5,0.289582368421053,60.88,8,2,2.23943333333333